OPIS Truckstop ID,Truckstop Name,Address,City,State,Rack ID,Retail Price,Latitude,Longitude
35,ACI TRUCK STOP,US-46,Columbia,NJ,90,3.079,40.922665,-75.0900115
75,Good 2 Go #709,US-50,Montrose,CO,810,3.424,38.4991966,-107.9002831
77,OASIS TRAVEL PLAZA,US-13,Laurel,DE,243,3.229,38.5717115,-75.56341
79,DELAWARE TRUCK PLAZA,US-13 & US-40,New Castle                              ,DE,243,3.249,39.6159851,-75.662956
127,CIRCLE K #4700095,US-41,Henderson,KY,340,3.609,37.9043929,-87.5507791
174,Hop-In Food Stores,US-59 & SR-224,Nacogdoches                             ,TX,618,2.859,31.5970503,-94.5927451
207,MARATHON,SR-32,Sardinia                                ,OH,300,3.56566666,38.9897914,-83.7622621
243,SAVE,US-41 & SR-10,Lake Village,IN,399,3.179,41.130062,-87.4388977
263,CASEYS #3956,I-94 EXIT 16,Bridgman,MI,465,3.559,41.9478823,-86.5640955
267,CORNER MARKET #117,SR-154 & SR-129,Dodge City,KS,357,3.399,37.7527982,-100.0170787
278,CARLISLE PLAZA,US-41,Carlisle,IN,510,3.499,38.9417211,-87.4152071
292,PETES #56,US-169 & CR-5000,Cherryvale,KS,307,3.23233333,37.2665236,-95.5268789
372,GAS DEPOT,"I-94, EXIT 5",Hammond,IN,365,3.999,41.5742238,-87.460787
381,7-Eleven #41830,US-69 & US-135,Jacksonville,TX,630,2.91566666,31.963778,-95.2705042
442,WESTERN COOP,US-385 & SR-2,Alliance,NE,795,3.324,42.0971897,-102.8707145
456,THE COUNTRY OASIS,US-24,Woodburn                                ,IN,370,3.399,41.1253271,-84.8532963
469,LOAF N JUG #750010,US-160 & SR-17,Alamosa,CO,803,3.259,37.5780995,-105.7890452
489,EDDIES CORNER,US-87 & US-191,Moore,MT,815,3.749,46.975523,-109.696854
525,FASTBREAK,US-45 ALT,West Point,MS,705,3.059,33.5793593,-88.6592901
546,PLAZA 30,US-30,Wanatah,IN,365,3.499,41.4343533,-86.9190579
614,TA MAYBROOK TRAVEL CENTER,"I-84, EXIT 5",Montgomery,NY,120,4.359,41.4807035,-74.2894593
692,BP,US-63,Ottumwa,IA,489,3.399,41.0082765,-92.3884998
739,Arco #364420,US-23,Greenup,KY,255,3.649,38.7269728,-82.997463
748,QUIKTRIP #4231,US-85,Evans,CO,800,3.17233333,40.3779013,-104.6935157
769,AYERCO #26,US-61/US-136,Alexandria,MO,345,3.01566666,40.3642937,-91.4644714
855,SPEEDWAY #7459,US-41 & SR-137,North Chicago,IL,293,3.379,42.327724,-87.8394189
1042,Union 76,US-441 & SR-100A,Lake City,FL,75,3.56233333,30.2032618,-82.6403437
1154,CIRCLE K #2704691,SR-71 & CR-214,Cedar Creek,TX,595,3.199,32.7399277,-96.8160745
1158,PILOT TRAVEL CENTERS #36,US-30  & SR-49,Valparaiso,IN,365,3.869,41.4672552,-87.0604487
1163,SHORT STOP #13,US-54,Emporia,KS,553,2.839,38.4040054,-96.181623
1196,SOUTHERN BELLE TRUCK STOP,US-61 & SR-964,Saint Francisville,LA,725,3.384,30.7807244,-91.3763353
1208,D AVENUE FUEL PLAZA,US-131,Kalamazoo,MI,465,3.499,42.2455287,-85.6408648
1217,KWIK TRIP #250,"I-90, EXIT 179",Austin,MN,515,3.374,43.6749798,-92.9386854
1225,AYERCO #35,US-61 & US-61 BUS,Bowling Green,MO,494,3.01566666,39.3419891,-91.1951437
1234,Lamar Travel Plaza,US-71 & US-160,Lamar,MO,416,3.199,37.4950527,-94.2768736
1236,AYERCO #44,US-36 & US-24,Palmyra,MO,494,3.01566666,39.7942213,-91.5232557
1240,TEMP STOP #103,US-65,Sedalia,MO,400,3.199,38.7012477,-93.2505392
1247,SNAPPY MART #11,US-63 & SR-14,West Plains,MO,535,3.299,36.7281652,-91.8525756
1251,MAPCO #3009,US-72,Corinth,MS,435,3.154,34.924611,-88.5220781
1265,JOE JOES TRAVEL CENTER,US-78 & RED BANKS RD S,Red Banks,MS,435,2.97233333,34.8238697,-89.5645993
1325,SCOTCHMAN #3303,US-421 & US-74,Wilmington,NC,245,3.629,34.2352853,-77.9487284
1333,PUMP & PANTRY #15,US-30,Grand Island,NE,330,3.30733333,40.9116755,-98.3883774
1344,BOLLA TRUCK STOP #193,US-202 & SR-17,Mahwah,NJ,115,3.53233333,41.0887072,-74.1437552
1424,GETTYSBURG TRAVEL PLAZA,US-15 & SR-394,Gettysburg,PA,70,3.899,39.8308973,-77.231012
1447,HOT SPOT #3005,US-221,Chesnee,SC,210,3.199,35.1500455,-81.8603215
1470,CIRCLE K #2705348,US-1,Beech Island,SC,135,3.159,33.4280649,-81.8891583
1533,YESWAY #1157,US-62,Brownfield,TX,700,2.99233333,33.1690274,-102.280742
1546,SHELL,"I-35, EXIT 86 & SR-85",Dilley,TX,740,3.099,28.66465,-99.1824808
1548,TOOT N TOTUM #107,US-287,Dumas,TX,585,3.03233333,35.8378392,-101.9732155
1552,STRIPES #40911,US-59 & SR-16,Freer,TX,625,3.099,27.8781306,-98.6142095
1560,CATTREZ,US-20 & SR-5,Irving,NY,38,2.899,42.5675589,-79.1128169
1567,KUM & GO #4110,"I-235, EXIT 11",Des Moines,IA,320,3.02733333,41.5929141,-93.6686198
1602,CIRCLE K #2723387,US-98,Beaumont,MS,620,3.56566666,31.1595412,-88.9231477
1618,GO MART FOOD STORE #33,US-33,Ripley                                  ,WV,44,3.499,38.8189041,-81.713099
1646,SPEEDWAY #8310,US-6  & US-31,Plymouth,IN,465,3.609,41.3436555,-86.3097278
1647,SPEEDWAY #8305,US-41 & SR-312,Hammond,IN,290,3.76566666,41.6173959,-87.5220108
1653,ROAD RANGER #187,"I-55, EXIT 289",Chicago,IL,520,3.569,41.8774134,-87.6243099
1720,TOOT N TOTUM #120,US-54 & S WESTERN AVE,Liberal,KS,585,3.01566666,37.0336373,-100.9404472
1810,KENT KWIK #804,US-83,Perryton,TX,585,2.999,36.3781996,-100.8026264
1832,CORNER FUEL CENTER,US-49,Hattiesburg,MS,620,3.299,31.2612672,-89.282838
1849,Stripes #42457,US-67/US-277,San Angelo,TX,740,3.244,31.4865067,-100.3817494
1855,EXIT 76 AUTO TRUCK PLAZA,US-131,Byron Center,MI,344,3.499,42.8122508,-85.7228062
1874,CIRCLE K #2744529,US-175,Seagoville,TX,630,2.95066666,32.6491672,-96.5432839
1888,STRIPES 7FLEET #42449,US-87,Sterling City,TX,710,3.28066666,31.8369062,-100.9990743
1889,TOOT N TOTUM #105,US-54 & US-287,Stratford,TX,585,2.96566666,36.3361403,-102.072119
1905,LUCKY TRUCK STOP,US-82,Whitesboro                              ,TX,630,2.88566666,33.6678531,-96.9145809
1954,Joe's Kwik Mart #8409,US-58 & CR-645,Suffolk,VA,130,3.03233333,36.7281341,-76.5834683
2000,RIVER CITY TRAVEL PLAZA,US-41,Marinette,WI,360,3.399,45.1026187,-87.6271905
2002,KWIK TRIP #222,US-53/US-2,Superior,WI,334,3.339,46.7240234,-92.1310284
2030,GHOST TOWN FUEL STOP,US-26/US-20,Casper,WY,790,3.429,42.8676585,-106.3444456
2078,ALLSUPS CONVENIENCE STORE #2366,US-84 & CR-3300,Slaton                                  ,TX,700,2.969,33.4481042,-101.6748171
2087,LWS TRUCK STOP,SR-30,Logan,UT,835,3.42566666,41.7357618,-111.8668677
2144,Mountain View Truck Stop,US-15,Thurmont,MD,60,4.099,39.6192785,-77.4170793
2194,A AND A TRUCKSTOP,US-35 & CR-41,Jackson,OH,315,3.799,39.0131871,-82.6089043
2204,NATURAL BRIDGE SHELL,US-278 & SR-5,Lynn,AL,615,3.68233333,34.0470483,-87.54974
2283,CIRCLE K #2707321,SR-60,Bartow,FL,225,3.52233333,27.9040808,-81.8396865
2331,PINNERS POINT,SR-135,Portsmouth,VA,130,3.499,36.8080547,-76.2983859
2340,RSTORE #4478,SR-8 & SR-13,Prentice,WI,395,3.039,45.5459408,-90.2875802
2638,PIT STOP TRAVEL CENTER,US-789,Riverton                                ,WY,790,4.399,43.0354906,-108.380873
2761,PONY EXPRESS SERVICE CENTER,US-36 & SR-148,Hanover,KS,316,2.95566666,39.893892,-96.87947
2764,LOVES TRAVEL STOP #046,US-64/54 & SR-94,Hooker,OK,585,3.56233333,36.8603505,-101.2075401
2765,LOVES TRAVEL STOP #023,US-50 & US-287,Lamar,CO,525,3.46233333,38.0872306,-102.620749
2807,SUDDEN SERVICE #25,"I-24, EXIT 11",Clarksville,TN,460,3.30733333,36.5337641,-87.2316745
2896,NORTH LEWISTON DYNAMART,US-12 & SR 128,Lewiston,ID,970,3.669,46.4195913,-117.0216144
2917,GOLDYS TRUCK PLAZA,US-29,Rustburg,VA,185,3.519,37.2768113,-79.1008543
2924,HWY 190 FUEL STOP,US-190,Jasper                                  ,TX,610,3.13233333,30.9177285,-93.9819429
3030,Mr Ts Riverside,US-412,Cardwell                                ,MO,435,3.199,36.0391468,-90.2962776
3064,PORTS TO PLAINS TRAVEL PLAZA,US-50 & US-287,Lamar,CO,800,3.399,38.0872306,-102.620749
3086,SPEEDWAY #4638,US-29,Madison Heights,VA,185,3.49566666,37.4748343,-79.0799194
3093,RSTORE #4488,US-51,Merrill,WI,395,3.24066666,45.1946928,-89.6467982
3148,YESWAY #1038,US-60 & SR-86,Neosho,MO,307,3.059,36.8665201,-94.3701651
3167,JASPER FOOD MART,US-78,Jasper,AL,615,3.229,33.8069695,-87.2815545
3176,BP,US-6 & SR-15,New Paris                               ,IN,365,3.65733333,41.5045465,-85.8241113
3178,ERNIES FUEL STOP #1605,SR-167,Kent,WA,977,4.599,47.4384195,-122.2182084
3206,PERHAM OASIS,US-10 & SR-78,Perham,MN,250,3.499,46.5944042,-95.5725415
3230,STRIPES #40815,US-281 & US-285,Falfurrias,TX,625,3.299,27.2247328,-98.1462397
3413,COUNTRY GIRL TRUCK STOP,US-167 & SR-156,Winnfield,LA,590,3.319,31.925228,-92.63994
3460,CHROME TRUCK STOP,US-18 & US-169,Algona,IA,433,3.499,43.0699663,-94.233019
3522,SUNMART #308,US-59,Livingston                              ,TX,610,2.859,30.7244895,-94.9449846
3719,KEYSTONE TRUCK STOP,US-22 & SR-164,Loretto,PA,14,3.999,40.5029161,-78.6314019
3737,JORDAN'S KWIK STOP #70,US-49,West Helena                             ,AR,435,3.399,34.551888,-90.6571603
3759,EXXON,US-67 & SR-18,Newport,AR,695,4.13233333,35.6067154,-91.2830334
3783,CIRCLE K #2744095,"I-25, EXIT 215",Denver,CO,800,3.299,39.6660361,-104.8673054
3817,FAST MARKET,"I-25, EXIT 158",Colorado Springs,CO,803,3.159,38.7922967,-104.7028483
3868,SHORE STOP #279,US-13,Greenwood,DE,194,3.239,38.80335,-75.5849115
3907,SUNOCO,US-46 & SR-93,Palisades Park,NJ,105,3.279,40.8481556,-73.997639
3946,Fast Lane,US-24 & US-63,Moberly,MO,310,3.469,39.4201137,-92.4364298
4006,MISSILE MART #1,US-167 & SR-7,El Dorado,AR,635,3.499,33.2115087,-92.6650144
4062,DUDLEYS TRUCK STOP RESTAURANT,US-220,Rocky Mount,VA,185,3.299,37.0095992,-79.8732442
4080,SHELL DBA PILOT DEALER #874,US-41,Miami,FL,176,3.699,25.7662605,-80.1985389
4113,ASAP GENERAL STORE #330,US-412/SR-15,Enid,OK,500,3.08233333,36.3910368,-97.9716014
4119,JET FOOD STORE #82,US-441 & CR-13,Douglas,GA,10,3.44066666,33.6995565,-84.7622973
4171,PETRO SERVE USA #11,US-2 & US-71,Bemidji,MN,355,3.499,47.4723148,-94.8832791
4220,KENNETT TRUCK STOP,"I-275, EXIT 16",Lawrenceburg                            ,IN,300,3.424,39.1255299,-84.8337487
4233,QUIKTRIP #7220,"I-20, EXIT 8",Shreveport,LA,745,2.89233333,32.4723492,-93.7972651
4267,CONOCO,US-30 & SR-41,Gap,PA,160,3.799,39.989477,-76.0173511
4331,KWIK STOP C STORES,US-61/US-151,Dubuque,IA,335,3.559,42.4635692,-90.670214
4335,HIGHWAY 20  AUTO TRUCK PLAZA,US-20,Peosta,IA,335,3.489,42.4410122,-90.8551838
4442,Minuteman Food Mart #58,US-74/US-76,Delco,NC,245,3.50733333,34.3165947,-78.233707
4452,CASEYS #2867,US-63 & US-20,Waterloo,IA,380,3.499,42.498275,-92.3328743
4492,3 MILE CORNER TRUCK STOP,US-2 & US-95,Bonners Ferry,ID,970,3.734,48.6972317,-116.3119832
4819,Alta Convenience #6333,"I-25, EXIT 11",Trinidad,CO,803,3.399,37.1722623,-104.5091201
4837,SHELL,US-10 & SR-210,Motley,MN,522,3.399,46.3366315,-94.646125
4905,HY-MILER #2204,SR-250,Sandusky,OH,550,3.53233333,41.4542204,-82.7128465
4977,KWIK TRIP #331,SR-54,Wisconsin Rapids,WI,395,3.26233333,44.0842353,-87.6770463
5006,SUNOCO,US-1/US-9,Linden,NJ,79,3.799,40.6487158,-74.2236403
5030,YESWAY #1030,US-63 & E MARY ST,Ottumwa,IA,320,3.399,40.9948186,-92.4135936
5079,FASTLANE TAYLOR 63,US-61 & SR-6,Taylor,MO,494,3.01566666,39.9381011,-91.5237663
5202,Chevron #306185,US-30,Montpelier,ID,825,3.699,42.319849,-111.2978195
5232,CM EUNICE,US-190,Eunice,LA,730,3.399,30.4949124,-92.4289449
5245,CASEYS #3842,US-36 & US-283,Norton,KS,357,3.15733333,39.7944702,-99.9100033
5249,Taylor's Stateline Travel Center,US-67 & SR-278,Neelyville,MO,275,2.999,36.561713,-90.5061465
5282,CASEYS #3548,US-54 & US-61,Pratt,KS,357,3.14066666,37.6280602,-98.7485305
5309,NEWBORN TRUCK STOP,I-20 EXIT 5,Tallapoosa,GA,48,3.40733333,33.6853141,-85.2596222
5324,HY-MILER #2245,SR-53,Fremont,OH,550,3.38233333,41.3838243,-83.1154113
5407,CASEYS #4535,US 81,Concordia                               ,KS,570,2.91233333,39.5639543,-97.6574286
5435,MEADE AUTO AND TRUCK PLAZA,US-54,Meade                                   ,KS,525,3.799,37.28549,-100.3357957
5464,PILOT TRAVEL CENTERS #48,"I-65, EXIT 86",Glendale,KY,415,3.609,37.6022769,-85.8675485
5569,TA EXPRESS NORWOOD #0450,US-60,Norwood,MO,535,3.449,37.1109477,-92.4520983
5579,SAPP BROS TRAVEL CENTER,US-30,Columbus,NE,486,3.219,41.4385555,-97.3522322
5601,BP,"I-24, EXIT 16",Paducah,KY,490,3.429,37.056542,-88.6542928
5608,SHOP A LOTT  #3,US-84 & US-171,Mansfield                               ,LA,766,3.13566666,32.0218301,-93.7143492
5659,TEX-BEST #526,US-59 & US-281,George West,TX,625,3.299,28.3318242,-98.1171612
5700,BEACON & BRIDGE #18,US-131 BUS,Big Rapids,MI,456,3.559,43.7051513,-85.484087
5718,TOOT N TOTUM #104,US-287,Dalhart,TX,585,3.199,36.0616092,-102.522223
5730,SCOTTS QUICK STOP,SR-53 & SR-46,Marlette,MI,342,3.399,43.326969,-83.08022
5758,SPEEDY Q MARKET #8206,"I-94, EXIT 274",Port Huron                              ,MI,325,3.899,42.9983959,-82.4394175
5907,SPEEDWAY #4035,CR-101,Shakopee,MN,448,3.599,44.8028428,-93.4841858
5949,EXXON,US-59 & LOOP 151,Texarkana                               ,TX,723,3.16566666,33.3986018,-94.0867505
5979,TA LAFAYETTE TRAVEL CENTER,"I-10 & SR-182, EXIT 101",Lafayette,LA,600,3.134,30.2591672,-91.98279
5990,360 TRUCK STOP,US-360,Amelia Court House,VA,180,3.599,37.3586705,-77.9582202
6001,ALLSUPS #2392,US-70 & US-285,Roswell,NM,700,3.199,33.3943282,-104.5229518
6009,CASEYS #2652,US-65 & US-36,Chillicothe,MO,400,3.289,39.7948749,-93.5532779
6033,EMERY'S,US-54,Deerfield,MO,277,3.349,37.838381,-94.5079868
6047,FAST LANE #26,US-61,Eolia,MO,494,3.099,39.2128074,-91.0054728
6068,AYERCO #24,US-61 & CR MM,Hannibal,MO,494,3.099,39.7082498,-91.3587413
6087,BREAK TIME #3173,US-54 & CR-HH,Fulton,MO,310,3.299,38.8467082,-91.9479586
6096,Waverly Travel Center,US-23,Waverly                                 ,OH,315,3.41566666,39.1239946,-82.9900713
6167,PILOT TRAVEL CENTERS #167,US-71,Nevada,MO,277,3.49566666,37.8479559,-94.33897
6188,SIGNAL FOOD STORE #112,US-65 & SR-J,Ozark,MO,535,2.999,36.6467816,-92.4575198
6219,SCHATZ CROSSROADS,US-2 /US-52,Minot,ND,452,3.549,48.2096542,-101.3111905
6243,GARDEN INN TRAVEL PLAZA,US-60/US-63,Cabool,MO,535,3.299,37.0627462,-92.0337955
6296,GRAY TRUCK STOP,US-71/US-136,Maryville,MO,400,3.26566666,40.3448775,-94.8312267
6307,QUIKTRIP #608,"I-70, MID RIVERS MALL",Saint Peters,MO,540,2.904,38.7937093,-90.6129442
6315,AYERCO #25,US-24,Taylor,MO,494,3.01566666,39.9367709,-91.5124864
6356,CIRCLE K #2721536,ST 6 EAST,Batesville,MS,435,3.24066666,34.3069861,-89.9174289
6374,TA ELGIN WEST TRAVEL CENTER,I-90 &  US-20,Hampshire,IL,290,3.459,42.0978028,-88.5303643
6391,TOOT N TOTUM #106,US-287,Dumas,TX,585,3.00566666,35.8378392,-101.9732155
6434,AMPRIDE ALL ROUND TRUCK STOP,US-20,Fort Dodge,IA,343,3.299,42.5010761,-94.1768535
6442,CLARK OIL #49,US-84,Laurel,MS,620,2.999,31.6883837,-89.1213444
6462,ARCO #471770,US-281 & SR-5,Dunseith,ND,452,3.499,48.813057,-100.060968
6492,FLICKS,US-49,Richland,MS,760,2.999,32.2762194,-90.1756514
6526,TULIP CITY TRUCK STOP,"I-196 & SR-40, EXIT 49",Holland,MI,344,3.739,42.7876022,-86.1090828
6564,FLYING J FRANCHISE #970,US-395,Pasco                                   ,WA,925,4.599,46.2456611,-119.1270565
6608,7-ELEVEN #35560,SR-16,Charlotte,NC,46,3.999,35.2272086,-80.8430827
6659,GURNEE TRUCK STOP,US-41,Gurnee                                  ,IL,290,3.289,42.3744189,-87.8975028
6693,SAPP BROS TRAVEL CENTER,US-77,Fremont,NE,486,3.34566666,41.4370964,-96.4983792
6744,FLYING J #550,US-2/US-52,Minot,ND,273,3.93566666,48.2100354,-101.3149471
6859,PRIME STOP,US-81,Norfolk,NE,470,3.229,42.008813,-97.4266924
6883,PILOT TRAVEL CENTERS #517,US- 22 & SR-322,Duncannon,PA,70,4.199,40.3931433,-77.0325751
6897,Speedee Mart #2890,US-20 & US-83,Valentine,NE,475,3.329,42.8746752,-100.5506158
6901,PRIME STOP,US-275,Wisner,NE,470,3.259,41.9851895,-96.9104652
6968,R STORE #4513,US-41,Fond Du Lac,WI,360,3.299,43.7543876,-88.4690081
6976,MOASIS TRUCK CENTER,US-41,Little Chute,WI,444,3.199,44.2980346,-88.3342127
7018,FLYING J TRAVEL PLAZA #746,"I-15 & I-80 SR 201, EXIT 305",Salt Lake City,UT,835,3.73233333,40.7852018,-111.990179
7045,BUBBLE CITY TRUCK STOP,US-64,Farmington,NM,614,3.70566666,36.7194055,-108.192326
7051,PILOT #887,US-84 & US-180,Snyder,TX,575,3.24566666,32.7180803,-100.918231
7084,Holiday StationStore #2746500,US-12 & US-281,Aberdeen,SD,248,3.114,45.4649805,-98.487813
7147,JUBITZ TRAVEL PLAZA,"I-5, EXIT 307",Portland,OR,935,3.859,45.5856733,-122.5857142
7225,LOVES TRAVEL STOP #329,US-60,Clovis,NM,593,4.089,34.4006073,-103.2122567
7326,PETRO STOP #398,"I-35 & I-90, EXIT 11",Albert Lea,MN,515,4.099,43.6480127,-93.3682656
7331,SPEEDWAY #9266,US-52 & SR-234,Ironton,OH,255,3.699,38.5367471,-82.6829406
7344,BEST QUICK STOP,US-1,Peabody,MA,178,3.61566666,42.5202778,-70.9984767
7360,KINGS TRUCK STOP,ST 103,Port Barre                              ,LA,600,3.189,30.5474097,-91.9646205
7396,7-ELEVEN #36180,US-20/SR-18,Monroeville,OH,550,3.614,41.2443539,-82.6950511
7417,SKY CITGO,US-30 & SR-23,Grovertown,IN,365,3.499,41.3750434,-86.5047339
7418,JJS TRAVEL PLAZA,US-31 & US-24,Peru,IN,370,3.444,40.7537253,-86.0690325
7622,COPAN TRUCK STOP,US-75,Copan                                   ,OK,307,3.119,36.8975794,-95.9260927
7724,FUEL MART #767,US-6 & US-23,Bradner,OH,550,3.40733333,41.3242192,-83.4385387
7725,BELL STORES #48,US-30 & SR-94,Dalton,OH,249,3.38566666,40.7991618,-81.6953867
7753,LOVES TRAVEL STOP #166,SR-351,Muskogee,OK,560,3.33733333,35.7493153,-95.361374
7871,STRIPES 7FLEET #42454,"US-60, US-70 & US-84",Texico,NM,700,3.829,34.3895321,-103.044293
8936,CIRCLE K #107,US-220 & CR-902,Ridgeway,VA,65,3.399,36.5768047,-79.8583721
9161,TREXLER PLAZA TRUCK STOP,I-78/US-22,Allentown,PA,160,3.63233333,40.6189494,-75.454465
9206,CIRCLE K #4707005,US-2 & SR-4,Farmington,ME,170,3.899,44.670628,-70.1514536
9340,LANCASTER TRAVEL PLAZA,US-30,Ronks,PA,208,3.899,40.0197171,-76.1788878
9554,BIG D OIL #2,US-85 & US-34,Belle Fourche                           ,SD,506,3.22733333,44.6731329,-103.8517342
9618,FLYING J #477,US-75,Anna,TX,630,3.239,33.3824119,-96.5806381
9763,DELUXE TRUCK STOP,SR-759,Saint Joseph,MO,400,3.149,39.7301009,-94.8126536
9842,Petes #03,US-59 & US-54,Moran,KS,336,3.26566666,37.9161474,-95.1702546
9860,PARADISE AUTO TRUCK PLAZA,US-31,Rochester,IN,370,3.40566666,41.0707164,-86.2157681
9990,JIMS  BEST STOP,US-45 & US-64,Selmer,TN,435,3.174,35.1700744,-88.5923645
10006,FLINT HILLS FUEL MART,US-50 & US-77,Florence,KS,336,3.499,38.2444619,-96.9280787
10007,CIRCLE K #2705346,SR-307,Savannah,GA,195,3.03233333,32.0790074,-81.0921335
10024,MILLERS TRAVEL CENTER,US-6 & US-50,Wellington,UT,835,3.659,39.5424659,-110.735434
10028,GOOD TO GO #10,US-35,Winamac,IN,290,3.914,41.0592047,-86.604608
10065,ROAD MART,US-71/US-59,Ashdown,AR,723,3.299,33.6933339,-94.1402928
20006,CENEX C STORE,US-52,Kenmare,ND,452,3.46733333,48.6470581,-102.039813
20011,CUBBYS #111,US-81,Norfolk,NE,470,3.209,42.008813,-97.4266924
20014,SIMONS EXIT 16,"I-89, EXIT 16",Enfield                                 ,NH,39,3.499,43.5683629,-72.1510957
20043,FRIENDSHIP FOOD MART #70,SR-2 & SR-53,Port Clinton,OH,550,3.939,41.5119954,-82.9376919
20119,FREMONT CITGO,US-10 & SR-110,Fremont,WI,444,3.399,44.271989,-88.8505115
52052,EXPRESSWAY MOBIL,US-63 & US-167,El Dorado,AR,635,3.599,33.2115087,-92.6650144
52070,FRIENDLY EXPRESS #31,US-1 & US-301,Folkston,GA,75,3.099,30.8305818,-82.0097846
52081,MCCLURE OIL #9,US-31 & SR-18,Kokomo,IN,375,3.839,40.4864444,-86.1336351
52089,SHELL,US-84 & SR-28,Jonesville,LA,719,3.399,31.626142,-91.8135871
52103,SPRINT MART #27,US-45 & US-72,Corinth,MS,435,3.05566666,34.9343599,-88.5223353
52104,BLUE SKY #734,SR-1,Saltillo                                ,MS,435,3.08233333,34.3765897,-88.6844613
52236,CHEVRON,US-60,Globe,AZ,930,4.299,33.3923716,-110.7651047
52262,CIRCLE K #2721577,US-84 & SR-21,Monroeville,AL,715,3.434,31.5278224,-87.3246325
52340,KWIK FILL #249,US-22,Duncansville,PA,14,4.07233333,40.4272345,-78.440876
52363,SPEEDWAY #2376,US-131 & SR-46,Cedar Springs,MI,456,3.899,43.22336,-85.551424
52393,CASEYS #3004,SR-15 & CR-52,Truman,MN,425,3.299,43.8277419,-94.4389338
52435,CM WINNERS CHOICE,"I-10 & SR-108, EXIT 23",Sulphur,LA,690,3.299,29.5953311,-89.8460959
52439,CIRCLE K #2723395,US-11,Hattiesburg,MS,620,3.199,31.320836,-89.2972131
52461,FLORENCE VALERO,US-130,Burlington                              ,NJ,160,3.13566666,40.0819916,-74.8393243
52464,7-ELEVEN #40118,ST 220 & I-180,Muncy,PA,138,4.359,41.20484,-76.7870991
52480,LOVES TRAVEL STOP #268,US6-9 & US-75,Atoka,OK,253,3.489,34.3284948,-96.017838
52510,Valero,SR-9,Maysville                               ,KY,312,3.599,38.6474569,-83.7644793
52517,STRIPES 7FLEET #42562,US-84 & US-385,Littlefield,TX,700,3.199,33.9189172,-102.332836
52541,PANTRY TRUCKSTOP,US-2/US-41,Rapid River,MI,360,3.499,45.9252002,-86.9859883
52546,CIRCLE K #2723910,US-84 & US-27,Bainbridge,GA,20,3.599,30.9038252,-84.5754768
52557,SPRINT MART #40,US-72 & SR-247,Tuscumbia,AL,615,3.189,34.7318811,-87.7028627
52566,YUMM,"I-35, EXIT 8",Laredo,TX,598,2.87566666,27.5203328,-99.5031107
52588,STRIPES #42564,US-87,Lubbock,TX,700,3.199,33.6398349,-101.8358608
52603,CASEYS #3364,US-281 & SR-200,Carrington,ND,341,3.439,47.44972,-99.126224
52607,PILOT TRAVEL CENTERS #409,"I-40, EXIT 172",Dickson                                 ,TN,460,3.19233333,36.105938,-87.2743797
52612,STRIPES 7FLEET #42568,US-60 & CR-G,Hereford,TX,700,3.35066666,34.8245521,-102.398778
52622,STRIPES 7FLEET #42567,I-20,Stanton,TX,700,3.01566666,32.1410781,-101.780247
52640,SPEEDWAY #8316,US-30 & US-41,Dyer,IN,290,3.649,41.4942021,-87.5217068
52648,Stripes #42566,US-67 & SR-158,Ballinger,TX,612,3.05566666,31.7411047,-99.9530698
52669,COLUMBIA TRUCK STOP,US-46,Columbia,NJ,115,3.079,40.922665,-75.0900115
52678,STRIPES 7FLEET #42433,US-277,Bronte,TX,739,3.474,31.884928,-100.2922618
52684,KWIK STAR #348,US-30/US-67,Clinton,IA,270,3.624,41.8378198,-90.1862516
60084,SUNSTOP #625,US-84,Ashford,AL,20,3.599,31.1749404,-85.23635
60106,SUNSTOP #619,US-84,Daleville,AL,720,3.399,31.3013185,-85.7289152
60136,HOBO PANTRY #18,US-431,Headland                                ,AL,20,3.599,31.3830584,-85.3270645
60145,OCS QUICK STOP,US-43/SR-13,Mount Vernon                            ,AL,715,3.699,31.0760224,-88.0232983
60147,HOP-IN FOOD STORES,US-82 & SR-22,Maplesville,AL,720,3.399,32.7884608,-86.8716549
60220,ZELLWOOD TRUCK STOP,US-441,Zellwood,FL,140,3.499,28.6954297,-81.5604497
60224,SUNSTOP #419,US-19,Camilla,GA,20,3.499,31.240693,-84.1999774
60226,CIRCLE K #2723903,US-82 & SR-520,Dawson,GA,20,3.499,34.4077085,-84.1356771
60230,CIRCLE K #2745152,US-19,Pelham,GA,20,3.499,31.1216212,-84.1401112
60242,KWIK STAR #711,US-18/US-52,Monona,IA,565,3.624,43.0514959,-91.440157
60270,CHUCKLES #27,SR-57,Washington                              ,IN,340,3.339,38.646254,-87.1730419
60282,CRVS #7,SR-96 & SR-27,Tribune,KS,525,3.399,38.4697378,-101.752672
60298,BEAU CHENE TRUCK STOP,"I-49, EXIT 11",Grand Coteau,LA,730,3.399,30.4313991,-92.0649217
60313,WHITE MARSH TRUCK STOP,US-40,White Marsh                             ,MD,22,3.369,39.3593224,-76.4470877
60333,LAKESHORE BP,US-2,Manistique,MI,287,3.499,45.9633054,-86.2692135
60341,SNAPPY FOOD MART,ST 60,Tekonsha,MI,431,3.589,42.0909308,-84.9875015
60342,True North #254,US-31 & SR-37,Traverse City,MI,456,3.789,44.7606481,-85.6165976
60358,PETRO SERVE USA #54,US-10,Glyndon,MN,341,3.449,46.8769922,-96.589332
60372,FLYING W CONVENIENCE STORE,SR-96,Carthage                                ,MO,277,3.199,37.1426773,-94.3111611
60374,PILOT TRAVEL CENTERS #385,US-54 & SR-13,Collins                                 ,MO,416,3.49566666,37.8893585,-93.6198941
60380,AMOCO,US-63/US-136,Lancaster,MO,320,3.249,40.5077331,-92.5496094
60400,CAN AM C STORE,SR-16,Plentywood,MT,807,3.499,48.77475,-104.562458
60416,MINUTEMAN FOOD MART #20,US-74 & US-76,Whiteville                              ,NC,245,3.46066666,34.3217345,-78.703148
60420,PUMP & PANTRY #35,US-183,Alma,NE,330,3.459,40.0925022,-99.3716483
60426,BONS BONS MOBIL,US-3,Merrimack,NH,125,3.699,43.1941703,-71.5275293
60434,ENRITE,US-9,Linden,NJ,79,3.34233333,40.6487158,-74.2236403
60442,Circle K #4706716,SR-71 & SR-47,Yorkville,IL,290,3.799,41.6411409,-88.4472948
60460,HAHN OIL,US-36,Coshocton                               ,OH,315,3.299,40.2854746,-81.8662702
60465,MOTOMART #4129,ST 309,Marion                                  ,OH,411,3.34233333,40.5843945,-83.1424094
60473,BELL STORES #50,ST 3,Wooster,OH,249,3.599,40.7986064,-81.9382611
60476,PETES #11,US-75,Dewey,OK,560,3.154,36.8017962,-95.9356232
60513,CIRCLE K #2723873,US-17,Georgetown,SC,42,2.899,33.3322014,-79.3105876
60515,FLASH MARKET #302,SR-9 & SR-151,Pageland,SC,46,3.38566666,34.7719578,-80.3914661
60519,CORNER PANTRY #25,US-14,Huron,SD,571,3.079,44.3733716,-98.2413612
60538,TEXACO #380031,ST 21W,Bryan,TX,765,3.399,30.6251348,-96.3514671
60554,CEFCO #2070,"I-27, EXIT 49",Plainview,TX,700,2.83233333,34.2198493,-101.7244605
60590,DARLINGTON MINI MART,SR-23 & SR-81,Darlington,WI,420,3.399,42.6802288,-90.1178079
60601,HOLIDAY STATIONSTORE #2746229,US-53/US-2,Superior,WI,545,3.339,46.7227771,-92.1209818
60708,CRVS STORE #6,US-385,Wray,CO,800,3.449,40.0802721,-102.2277436
60762,BP,US-1 & US-341,Baxley,GA,195,3.599,31.7773202,-82.3490533
60779,Marathon,US-129,Eatonton                                ,GA,85,3.399,33.3442152,-83.3972379
60787,MARATHON,"I-20, EXIT 11",Lithia Springs,GA,48,2.87233333,33.7742145,-84.62592
60797,EVANS FOOD MART,SR-20,Rome,GA,193,3.699,34.257038,-85.1646726
60804,JET FOOD STORE #4,US-1 & SR-78,Wadley,GA,135,3.41566666,32.8668223,-82.4040162
60817,KWIK STAR #712,US-218 & SR-27,Janesville,IA,565,3.599,42.6464613,-92.4629005
60822,CASEYS #3639,US-18/US-52,Postville,IA,420,3.599,43.0826236,-91.5653134
60833,SPEEDWAY #5400,CR-11 & CR-23,Bloomingdale,IL,290,3.759,41.9575285,-88.0809036
60851,SPEEDWAY #7382,I-355 & SR-64,Lombard,IL,293,3.249,41.8864687,-88.0201536
60882,SPEEDWAY #6666,US-33,Goshen,IN,465,3.81566666,41.5846653,-85.834484
60926,CENEX,US-36 & US-83,Oberlin,KS,525,3.159,39.818338,-100.528201
60958,NORTH WEST TRUCK STOP,US-90 & SR-3211,Franklin,LA,600,3.399,29.7992156,-91.5289091
60997,GULF OIL #5035,I-90 MM 66.7,Ludlow,MA,215,3.914,42.1589979,-72.4803259
61004,Applegreen,SR-15,Sturbridge,MA,215,3.999,42.1084385,-72.0807772
61006,GULF OIL LP #5155,"I-90, EXIT 11",Westborough                             ,MA,215,3.909,42.2316743,-71.6131657
61019,MARDELA GOOSE CREEK FOOD STORE,US-50,Mardela Springs                         ,MD,194,3.979,38.4637761,-75.7569618
61021,WESTOVER GOOSE CREEK,US-13 & SR-673,Westover                                ,MD,194,3.259,38.1240114,-75.7063171
61030,HAGGERTY JOY MOBIL,I-275,Canton                                  ,MI,325,3.699,42.3381533,-83.4426429
61032,MARATHON,US-10/US-127,Clare,MI,260,3.289,44.0335582,-84.7790857
61037,HEARTLAND MOBIL,US-23,Fenton,MI,342,3.849,42.7713782,-83.7507739
61057,CIRCLE K #2746537,US-2 & US-41,Rapid River                             ,MI,360,3.499,45.9269087,-86.9670846
61080,CO-OP SERVICE,US-10 & CR-67,New York Mills,MN,250,3.499,46.5180469,-95.3763155
61090,Northdale Oil,US-59 & SR-1,Thief River Falls                       ,MN,355,3.239,48.1172301,-96.1770667
61102,FAST LANE #54,US-63,Columbia,MO,310,3.20733333,38.951212,-92.2929139
61106,TEMP STOP #102,US-54 & SR-52,Eldon,MO,392,3.199,38.3494456,-92.5805241
61115,BREAK TIME #3071,US-24 & US-63,Moberly,MO,310,3.469,39.4201137,-92.4364298
61145,TEXACO,US-49 & US-98,Hattiesburg,MS,620,3.199,31.3271189,-89.2903392
61149,CEFCO #501,US-45,Lauderdale,MS,705,2.899,32.3474938,-88.6381435
61168,Blue Sky #717,US-72 & SR-15,Walnut,MS,435,3.099,34.9485431,-88.9020767
61171,CHEVRON CURB STORE,US-49 & SR-26,Wiggins,MS,620,3.499,30.858244,-89.1353283
61176,TOWN PUMP FOOD STORE #8947,US-2,Chinook,MT,815,3.629,48.5960476,-109.2467766
61182,TOWN PUMP FOOD STORE #3000,US-87,Lewistown,MT,815,3.599,47.070593,-109.4155307
61195,MINUTEMAN FOOD MART #06,SR-24,Clinton,NC,245,3.649,34.9910899,-78.3524745
61210,SHEETZ #548,US-29,Greensboro,NC,65,2.859,36.010321,-79.8416689
61266,CENEX CONVENIENCE STORE,US-2 & SR-19,Devils Lake,ND,355,3.249,48.112779,-98.86512
61291,FLEMING OIL FOOD MART,ST 9,West Chesterfield,NH,12,3.899,42.9041913,-72.5136495
61305,BP,US-130,Cranbury,NJ,150,3.14566666,40.2922021,-74.5199763
61312,BLUE STAR,US-202 & SR-31,Flemington                              ,NJ,115,3.399,40.5130953,-74.8591333
61328,KW RASTALL OIL,US-130,North Brunswick,NJ,115,3.199,40.4527398,-74.4590098
61333,46 GAS AND TRUCK STOP,US-46,Palisades Park,NJ,115,3.23566666,40.8486044,-73.9884255
61357,KENT KWIK #501,US-70 & US-54,Alamogordo,NM,593,2.98233333,32.8998822,-105.9602081
61410,KWIK FILL #58,ST 15,Rochester                               ,NY,190,3.969,43.157285,-77.615214
61450,7-ELEVEN #40298,I-80,Mantua,OH,249,3.53233333,41.283944,-81.223991
61477,CHOCTAW NATION GRANT #633,US-271,Grant,OK,253,2.999,33.9643104,-95.5231433
61540,S&P Oil,US-13,Levittown,PA,160,3.81566666,40.154762,-74.8380029
61605,HOT SPOT #2028,US-76/US-301,Marion,SC,63,2.999,34.2044083,-79.544531
61625,PRARIE STOP,US-212 & SR-20,Watertown,SD,566,3.279,44.899211,-97.115289
61654,MAJOR MARKETS #276,US-51/SR-3,Ripley,TN,435,3.799,35.7550882,-89.5502157
61656,PHILLIPS 66,US-51,Union City,TN,460,3.38233333,36.4072707,-89.0834926
61787,DUCK THRU FOOD STORE #5,US-258,Franklin                                ,VA,180,3.499,36.6776507,-76.9224609
61796,EXXON,US-220,Martinsville                            ,VA,185,3.375,36.6915262,-79.8725386
61806,LANKFORD TRUCK PLAZA,US-13 & CR-646,Townsend,VA,130,3.399,37.1849815,-75.958473
61830,APPLETON TRAVEL PLAZA,SR-96,Appleton,WI,444,3.40566666,44.2610234,-88.4148831
61879,KWIK TRIP #347,SR-13,Wisconsin Rapids,WI,395,3.31233333,44.3917589,-89.8228767
62097,FLASH MARKET #17046,US-65/SR-9,Clinton,AR,695,3.239,35.6049098,-92.4586981
62238,Circle K #2726278,SR-207,Hastings,FL,75,3.569,29.7142785,-81.5182423
62316,BP,US-20,Delaware,IA,335,3.299,42.4838839,-91.4672453
62355,MINIT MART #600630,"I-39, EXIT 14",El Paso,IL,368,3.679,40.6947759,-89.0289638
62462,HAWESWAY TRUCKSTOP,US-60,Owensboro,KY,487,3.599,37.7718122,-87.1270435
62480,CM GALLIANO,US-167,Cut Off,LA,725,3.499,29.513768,-90.3239092
62487,Fred's Food Mart,US-61,Saint Francisville,LA,600,3.799,30.7864335,-91.374061
62550,Sunoco,"I-275, EXIT 11",New Boston                              ,MI,325,3.399,42.1675754,-83.390088
62753,PETRO SERVE USA,US-10,West Fargo,ND,341,3.029,46.8761518,-96.8537139
62768,PUMP & PANTRY #34,US-20 & SR-27,Gordon,NE,475,3.449,42.8048523,-102.2031673
62774,MR MIKES MINI MART,SR-9,Northwood                               ,NH,34,3.599,43.194664,-71.151581
62800,A ONE TRUCK STOP,US-9,South Amboy,NJ,79,3.499,40.4783449,-74.2912593
62844,CIRCLE K #4707612,"I-81, EXIT 14",Tully,NY,220,3.799,42.8510581,-76.120395
62918,CIRCLE K #4705567,ST 91,Twinsburg,OH,305,3.63233333,41.3125552,-81.4401129
62996,MARTIN GENERAL STORE,US-22,Alexandria,PA,14,3.539,40.5564586,-78.0977847
63193,Shell,US-29,Warrenton,VA,60,3.25733333,38.6940266,-77.7828762
63211,OMAK MART,US-97 & SR-215,Omak,WA,970,4.149,48.4109853,-119.52755
63313,MARION TRAVEL CENTER,I-55 EXIT 14,Marion                                  ,AR,435,3.199,35.2121224,-90.2068447
63330,CIRCLE K #2723678,SR-53,Rome,GA,18,3.06233333,34.2206305,-85.1320821
63349,FLYING J TRAVEL PLAZA #662,"I-24, EXIT 86",Oak Grove,KY,415,3.15233333,36.6827383,-87.4060347
63376,Circle K #2746246,US-169 & SR-41,Shakopee,MN,448,3.599,44.7980186,-93.5268986
63532,FUELSMART,SR-165,Muskogee,OK,560,3.25233333,35.7493153,-95.361374
63579,301 PLAZA,US-301 & SR-299,Middletown,DE,243,3.239,39.4497639,-75.7166345
63582,T BONE TRUCK STOP,US-30,Columbus                                ,NE,313,3.099,41.4385538,-97.3171546
63586,LOVES TRAVEL STOP #295,US-412 & US-69,Chouteau,OK,560,3.29066666,36.1859301,-95.3430239
63608,ROAD RANGER #206,US-20,Winnebago,IL,520,3.219,42.219561,-89.098337
63609,ROAD RANGER #203,US-20 & SR-2,Rockford,IL,520,3.219,42.2713945,-89.093966
63627,PILOT TRAVEL CENTERS #174,I-78 & SR-15,New Albany,MS,435,3.859,34.4942683,-89.0078418
63649,ONE TRIP,US-84,Homerville,GA,10,3.44233333,31.0411365,-82.7341953
63651,CIRCLE K #2723346,US-29/S8,Athens,GA,16,3.399,33.9760899,-83.3543471
63653,FLYING J TRAVEL PLAZA #760,US-30 & SR-232,Cokeville,WY,835,3.899,42.0848242,-110.9566093
63671,WESTERN TRAVEL TERMINAL,US-26 & US-85,Torrington                              ,WY,795,3.399,42.062465,-104.184394
63676,CORNER EXPRESS,ST 55,Wellston                                ,MI,456,3.499,44.2179935,-85.953975
63691,JIMMIES AUTO TRUCK PLAZA,"I-10, EXIT 262",Lee,FL,20,3.84733333,26.5272084,-81.7575152
63702,QUICK FUEL #2501,"I-264, EXIT 14",Louisville,KY,415,3.08233333,38.2301675,-85.8214639
63734,CIRCLE K #2723472,US-70 & SR-58,Kinston,NC,63,3.319,35.2626635,-77.5816353
63737,I 10 DUSON TRUCK STOP,"I-10, AUSTRIA ROAD",Duson,LA,730,3.41066666,30.238176,-92.192995
63738,U STOP 33,US-77,Beatrice,NE,413,3.399,40.3013186,-96.7467564
63740,CIRCLE K #2723478,US-29,Blairs,VA,185,3.439,36.6699814,-79.3657997
63744,PILOT TRAVEL CENTERS #439,"I-24, EXIT 86",Oak Grove,KY,415,3.15233333,36.6827383,-87.4060347
63754,U SAVE TRAVEL PLAZA,US-19 & SR-129,Mount Nebo,WV,44,3.599,39.6023047,-79.7078303
63760,CASH MAGIC CITGO HOUMA,I-57,Houma,LA,725,3.56566666,29.5957696,-90.7195348
63767,HOP-IN FOOD STORES,I-27 & FM-1729,New Deal,TX,700,2.92566666,33.7374083,-101.8427516
63768,PILOT TRAVEL CENTERS #443,"I-70, EXIT 49",Higginsville,MO,400,3.23566666,39.0017993,-93.7760336
63773,QUIKTRIP #179,ST 152,Liberty,MO,400,2.999,39.245867,-94.4372369
63795,LOVES COUNTRY STORE #022,US-412,Clayton,NM,585,3.414,36.4480387,-103.1958574
63799,LOVES TRAVEL STOP #204,US-69 BUS & US-69,Eufaula,OK,560,3.689,35.2873764,-95.5825302
63812,PETRO STOPPING CENTER #330,"I-65, EXIT 86",Glendale,KY,415,3.599,37.6022769,-85.8675485
63828,CIRCLE K #2723654,US-431,Boaz,AL,587,3.519,34.2026318,-86.1520422
63829,CALERA CHEVRON,SR-25,Calera,AL,615,3.199,33.1456684,-86.7495863
63841,MAGNOLIA TRAVEL CENTER,US-82 & US-371,Magnolia,AR,635,3.599,33.2670725,-93.2393341
63846,71 EXPRESS,US-71,Mansfield,AR,645,3.33233333,35.0755458,-94.2026462
63854,E-Z MART #4437,US-71,Boles,AR,645,3.299,34.7759725,-94.055476
63922,THOMASVILLE TRAVEL CENTER,US-84 & SR-3,Thomasville,GA,20,3.18066666,30.8365815,-83.9787808
63925,PILOT #4561,"I-75, EXIT 11",Valdosta,GA,20,3.359,30.816356,-83.3157029
63938,CUBBYS #301,US-34 & SR-48,Red Oak,IA,319,3.399,41.0095189,-95.228247
63946,MINIT MART #600644,"I-80, EXIT 134",Joliet,IL,399,3.599,41.5087675,-88.1435581
63957,SUNMART FOOD STORE,SR-37,Bloomington,IN,375,3.499,39.1640059,-86.4716299
63959,SPEEDWAY #1429,SR-59 & SR-56,Warrenville,IL,293,3.499,41.8179303,-88.174097
63979,Jaks Oil,US-90,Broussard,LA,730,3.049,30.1348704,-91.9448441
63992,SANDRAS QUICK STOP,US-169 & US-59,Garnett,KS,485,3.319,38.2805772,-95.2419192
63997,LEON GROCERY,US-400,Leon                                    ,KS,336,3.399,37.6795334,-96.7875723
64001,PETES #53,US-400 & SR-99 & CR-939,Severy                                  ,KS,336,3.249,37.6222547,-96.2280527
64021,CM AMITE,SR-16,Amite,LA,600,3.399,30.7265725,-90.5222219
64028,DELCAMBRE FUEL DEPOT,SR-14 & SR-89,Delcambre,LA,730,2.999,29.948261,-91.9887328
64047,LUCKY LOUIES TRUCK STOP,US-190,Port Allen,LA,600,3.06566666,30.45335,-91.2100569
64049,Cash Magic CITGO LAROSE,SR-308,Larose,LA,725,3.399,29.5644006,-90.3852722
64050,WESTWOOD TRUCK PLAZA,US-90 BUS,Marrero,LA,725,3.279,29.8940306,-90.1109393
64060,CM VIVIAN,SR-1 & SR-2,Vivian,LA,745,3.26566666,32.8720384,-93.9855698
64063,Mobil,US-20 & SR-56,North Oxford,MA,175,3.58233333,42.1500947,-71.8684054
64069,301 BP,US-301/SR-5,Brandywine,MD,22,3.259,38.6835673,-76.8724708
64082,SPEEDWAY #8797,SR-13,Lennon,MI,342,3.379,42.985585,-83.9282955
64083,BIG DADDYS TRUCKSTOP,US-223 & US-23,Ottawa Lake,MI,325,3.499,41.7641517,-83.7493869
64091,Circle K 2746398,US-10 & SR-27,Little Falls,MN,448,3.399,45.9763545,-94.3625024
64097,KWIK TRIP #937,US-12,Willmar,MN,451,3.34066666,45.1242132,-95.0208216
64106,RAPID ROBERTS #122,SR-43,Joplin                                  ,MO,277,2.899,37.0721398,-94.5143324
64120,HOLIDAY STATIONSTORE #2746185,US-2,Wakefield,MI,545,3.219,46.444514,-89.8540118
64126,CASEYS #3471,US-2 & CR-87,Cohasset,MN,333,3.449,47.263556,-93.620215
64132,45 TRUCKSTOP,US-45,Corinth,MS,435,3.089,34.9757177,-88.5259773
64153,SPEEDWAY #6972,US-70,Durham,NC,177,3.799,36.0137575,-78.8822956
64163,FILL GOOD BP #15,US-74,Monroe,NC,46,3.399,35.0476227,-80.6152573
64167,NORTH LONDONDERRY SUNOCO,"I-93, EXIT 5",Londonderry,NH,125,3.939,42.9347927,-71.3830446
64183,SUNOCO- THOMAS EDISON PLAZA #7013,"NJTP, EXIT 11",Woodbridge,NJ,79,3.899,40.5420489,-74.3003044
64211,PILOT #490/WESTERN PETROLEUM,US-180,Carlsbad                                ,NM,593,3.729,32.414124,-104.2290221
64215,STRIPES 7FLEET #42588,US-380 & SR-206,Tatum,NM,700,3.66233333,33.2569924,-103.3175664
64216,DANDY MINI MART #31,SR-13 & SR-224,Cayuta,NY,190,4.399,42.2817412,-76.6968945
64224,7-ELEVEN #40296,SR-176,Broadview Heights,OH,249,3.53233333,41.2855973,-81.6848105
64227,GO MART FOOD STORE #116,US-50 & SR-7,Coolville                               ,OH,430,3.35733333,39.2217427,-81.7973557
64235,PENNZMART FUEL EXPRESS,ST 100,Tiffin                                  ,OH,411,3.4315,41.1132803,-83.1759049
64236,KFC TRAVELMART,SR-199,Upper Sandusky,OH,411,3.249,40.8450576,-83.2957894
64243,Caseys #4519,US-62,Altus,OK,483,3.00566666,34.6377829,-99.314211
64244,CHOCTAW NATION DURANT WEST #632,US-69/US-75,Calera,OK,253,3.089,33.9270848,-96.4332692
64264,CASEYS #4594,US-81 & US-70,Waurika,OK,253,3.07733333,34.1670371,-97.997536
64299,CIRCLE K #2720881,US-17 & SR-165,Ravenel,SC,42,3.439,32.7632321,-80.2500986
64307,CIRCLE K #2723876,US-17 & SR-64,Round O,SC,42,3.37233333,32.9371151,-80.5409352
64314,JAKES CORNER,US-81 & SR-34,Winfred                                 ,SD,530,3.049,43.997197,-97.362288
64343,Allsup's Marketplace #2411,US-67,Hawley,TX,575,2.889,32.6133723,-99.8130377
64355,CEFCO #34,US-281 & SR-38,Hamilton,TX,765,3.029,31.6429346,-97.9715967
64374,CEFCO #2001,US-287 & FM-369,Iowa Park,TX,770,2.864,33.9514847,-98.6686709
64382,KOSSE COUNTRY STORE,SR-7 & SR-14,Kosse                                   ,TX,765,3.11566666,31.3076774,-96.6319231
64399,LOVES TRAVEL STOPS #247,US-287 & SR-256,Memphis,TX,585,3.789,34.7253581,-100.540097
64406,Main Street Market,SR-84 & FM-73,Prairie Hill,TX,765,2.899,30.2488239,-96.3771874
64407,CIRCLE K #2741527,US-281,Premont,TX,625,2.999,27.3643568,-98.1144579
64420,Valero,US-59 & AT ST-87,Timpson                                 ,TX,766,3.059,31.9037814,-94.3952022
64436,MS 58 PLAZA,"I-95, EXIT 11",Emporia                                 ,VA,180,3.18233333,36.7137649,-77.5417942
64438,PILOT TRAVEL CENTER #4622,US-58,South Boston,VA,65,4.009,36.6846669,-78.9074612
64445,KWIK TRIP #413,SR-93 & SR-95,Arcadia,WI,295,3.31566666,44.2527212,-91.5014893
64451,ROYAL FARMS #79,ST 13,New Church                              ,VA,194,3.339,37.9790117,-75.5310365
64455,SPEEDWAY #4648,SR-254,Waynesboro,VA,180,3.959,38.065064,-78.9301108
64474,SIGNAL FOOD STORE #108,US-60,Mountain View,MO,535,3.03233333,37.0011251,-91.687798
64480,TA Garden City,US-83 & US-400,Garden City,KS,525,3.73066666,37.9716898,-100.8726618
64508,QUICK FUEL #1150,US-51 & SR-30,Madison,WI,420,3.57566666,43.07469,-89.3841663
64509,QUICK FUEL #1002,"I-94, EXIT 319",Milwaukee,WI,444,3.74066666,42.9501316,-87.904951
64511,QUICK FUEL #1010,SR-100,Milwaukee,WI,444,3.779,43.0428022,-87.9401859
64521,CHOCTAW TRAVEL PLAZA #635,US-259/SR-3,Broken Bow,OK,560,2.999,34.0339303,-94.739579
64528,Raceway #7007,SR-74 & SR-180,Shelby                                  ,NC,46,3.249,35.2923513,-81.5356463
64545,HOBO PANTRY #24,US-231 & SR-10,Brundidge                               ,AL,720,3.599,31.7201615,-85.8160567
64554,FACKLER TEXACO TRUCK STOP,US-72 & CR-42,Fackler,AL,615,3.199,34.7925827,-85.9099775
64578,MARATHON,US-431/SR-1,Phenix City,AL,50,3.249,32.4995839,-85.0455375
64581,SNEAD SHELL,US-278 & SR-75,Altoona                                 ,AL,587,3.109,34.025609,-86.3258835
64610,KINGS RIVER COUNTRY STORE,US-412,Huntsville,AR,735,3.26566666,36.1165076,-93.7195685
64648,QUICK FUEL #2203,"I-20, EXIT 14",Atlanta,GA,18,3.319,33.754721,-84.4661597
64651,QUICK FUEL #2101,I-465,Indianapolis,IN,375,3.869,39.7192759,-86.0504806
64656,QUICK FUEL #2601,SR-27,Charlotte,NC,46,3.51233333,35.2280579,-80.9039475
64660,QUICK FUEL #1005,SR-59 & SR-164,Waukesha,WI,444,3.623,43.0622536,-88.3123889
64662,QUICK FUEL #1011,"I-94, EXIT 100",Milwaukee,WI,444,3.52066666,42.9501316,-87.904951
64673,WESTVILLE TRUCKSTOP,US-6/US-421,Westville                               ,IN,365,3.58566666,41.5384799,-86.9055656
64679,PILOT TRAVEL CENTER #118,I-30 EXIT 121,Benton,AR,695,3.259,36.2834512,-94.1577892
64683,QUIKTRIP #777,"I-20, EXIT 49",Atlanta,GA,18,2.97233333,33.7589305,-84.4760517
64712,SUNSTOP #650,US-431 & SR-210,Dothan,AL,20,3.41233333,31.2237285,-85.3934375
64715,CIRCLE K #2709067,US-31/SR-6,Prattville,AL,720,3.499,32.4168014,-86.409713
64718,CUZZS,US-43/SR-13,Thomasville,AL,720,3.53233333,31.9105569,-87.7415322
64723,CASHS #4470,US-65,Dumas,AR,655,3.209,33.8652025,-91.4799831
64773,Sun Gas,US-301,Middletown,DE,243,2.999,39.447554,-75.730941
64775,SHORE STOP #287,US-13,New Castle,DE,243,3.289,39.5528106,-75.6508299
64778,SUNSTOP #347,US-27,Branford,FL,75,3.699,29.9557027,-82.9278909
64779,SPEEDWAY #6530,US-50,Brooksville,FL,225,3.38233333,28.5552719,-82.3878709
64789,KROME EXXON,SR-997 & SR-994,Miami,FL,95,3.399,25.7741566,-80.1935973
64793,CIRCLE K #2721297,US-301,Middleburg,FL,75,3.399,30.0688512,-81.8603778
64798,RIVIERA TRUCKSTOP,SR-710,West Palm Beach,FL,95,3.779,26.8313221,-80.1842067
64804,SPEEDLANE,US-301 &SR-574,Tampa,FL,225,3.449,27.9814745,-82.4079847
64811,SUNSTOP #819,US-19,Americus,GA,15,3.699,32.0984159,-84.2432464
64815,BUENA VISTA GAS N GO,SR-26 & SR-41,Buena Vista,GA,10,3.299,32.3190398,-84.5171411
64831,CIRCLE K #2745072,US-341,Lumber City,GA,195,3.529,31.9359841,-82.6828849
64834,SUSIE Q #90,US-319 & SR-33,Moultrie,GA,10,3.799,31.1793436,-83.788579
64842,Circle K #2745128,US-301 & US-25,Statesboro,GA,195,3.199,32.4490141,-81.7832912
64850,SHAKE RAG EXPRESS,US-1 & US-78,Wadley,GA,135,3.41566666,32.8668223,-82.4040162
64857,CHARITON FOOD SHOP,US-34,Chariton,IA,320,3.369,41.0047242,-93.301697
64860,BP TRUCK PLAZA,US-61/US-151,Dubuque                                 ,IA,335,3.489,42.4635692,-90.670214
64862,218 FUEL EXPRESS,US-218 & US-18,Floyd,IA,433,3.489,43.0587894,-92.7830539
64863,FT MADISON FAST BREAK,US-61,Fort Madison,IA,345,3.399,40.632835,-91.3815058
64868,MEDIAPOLIS FAST BREAK,US-61,Mediapolis,IA,345,3.349,40.9998325,-91.1719577
64871,STEWART ROAD FAST BREAK,CR-X61,Muscatine                               ,IA,270,3.299,41.2906645,-91.1099723
64880,CASEYS #2487,US-71/SR-9,Spirit Lake,IA,440,3.38233333,43.4222023,-95.1262516
64881,SPARKYS ONE STOP #16,US-71 & SR-3,Storm Lake                              ,IA,527,3.23233333,42.6452817,-95.1992726
64884,SAPP BROS TRAVEL CENTER,US-61 & SR-78,Sioux City,IA,527,3.649,42.4966815,-96.4058782
64886,WEVER JUNCTION,US-61 & CR-X50,Wever,IA,345,3.399,40.7114884,-91.2304308
64887,COUNCIL FOOD AND FUEL,US-95,Council,ID,785,3.589,44.7265668,-116.4392303
64888,NOMNOM #21,US-95 & SR-13,Grangeville,ID,970,3.90733333,45.926552,-116.122326
64892,JACKSONS FOOD STORE #3,US-95,Wilder,ID,785,3.579,43.6814708,-116.9120058
64913,Circle K #4701331,US-136 & US-67,Macomb,IL,345,3.499,40.4588934,-90.6713939
64930,THORNDALE SHELL,"I-290, EXIT 5",Wood Dale,IL,290,3.459,41.9443787,-87.9928546
64933,MCCLURE OIL #66,US-33/US-27,Decatur,IN,370,3.699,40.8099791,-84.939404
64938,FAMILY EXPRESS #41 (DISCOUNT AVAILABLE),US-52,Lafayette,IN,375,3.43233333,40.3819397,-86.8426119
64939,FAMILY EXPRESS #27 (DISCOUNT AVAILABLE),US-421,Medaryville,IN,365,3.649,41.08174,-86.8920281
64949,PETES #36,US- 54 & US-169,Iola,KS,400,3.20566666,37.9244799,-95.3999814
64950,CASEYS #2957,US-73 & US-36,Hiawatha,KS,400,3.15066666,39.8524033,-95.5364966
64952,AMPRIDE,US-160,Johnson                                 ,KS,525,3.399,37.5770746,-101.6262647
64961,SAC AND FOX TRUCK STOP,US-75,Powhattan,KS,553,2.984,39.761462,-95.6335829
64963,FLINT HILLS ONE STOP,US-50,Strong City,KS,553,2.919,38.4001109,-96.5343727
64964,U PUMP IT,US-83 & US-56,Sublette                                ,KS,525,3.679,37.4816911,-100.843773
64969,ALLSTAR FOOD MART,SR-55,Campbellsville                          ,KY,415,3.159,37.3452679,-85.3709754
64996,AVONDALE TRUCK STOP,SR-90,Westwego                                ,LA,725,3.449,29.8965848,-90.1423719
64998,CM BAYOU VISTA,US-90,Morgan City,LA,725,3.399,29.7010131,-91.185392
65002,FOOD N FUN #11,US-90 & SR-92-1,Broussard,LA,600,3.30233333,30.1471506,-91.9612413
65006,GOLDMINE TRUCKSTOP,US-190,Eunice                                  ,LA,730,3.199,30.4949124,-92.4289449
65011,PLANTATION TRUCK PLAZA,SR-311 & SR-664,Houma,LA,725,3.11566666,29.5957696,-90.7195348
65017,Y NOT STOP MANSURA,SR-1,Mansura,LA,730,3.399,31.0579664,-92.049012
65019,Hwy 31 Truck Stop,SR 31,Saint Martinville                       ,LA,730,3.329,30.1154024,-91.8325538
65021,OPELOUSAS 190 TRUCK STOP,US-190,Opelousas,LA,600,2.87066666,30.5322604,-92.0767521
65022,CM RACELAND,SR-1,Raceland,LA,725,3.299,29.7274331,-90.598976
65025,ELSIE AUTO AND TRUCK PLAZA,SR-1,Shreveport                              ,LA,766,2.949,32.5135356,-93.7477839
65026,TA ST Rose #06480,US-61,Saint Rose,LA,725,3.22566666,29.973975,-90.2807655
65027,STARKS TRUCK STOP,SR-12,Starks,LA,690,3.599,30.3155874,-93.6618365
65030,CASH MAGIC THIBODAUX,SR-1,Thibodaux,LA,725,3.399,29.7957633,-90.822871
65048,Irving,SR-2,Westminster,MA,34,3.749,42.5449024,-71.9107903
65066,HURLOCK CITGO,SR-392 & SR-331,Hurlock                                 ,MD,194,3.259,38.6346863,-75.8637279
65067,SUNOCO,US-301,Newburg,MD,60,3.379,38.3643655,-76.976237
65084,BEACON & BRIDGE #19,US-131 & SR-115,Cadillac,MI,260,3.259,44.2519526,-85.4011619
65108,PICKLEMANS ONE STOP-ZEPHYR,ST 28,Newberry,MI,360,3.699,46.3559523,-85.5098868
65132,PETES PLACE SOUTH,US-71 & US-2,Bemidji,MN,355,3.41566666,47.4723148,-94.8832791
65135,CIRCLE K #3819,SR-7,Clara City,MN,432,3.33233333,44.9549593,-95.3664045
65141,KWIK TRIP #619,US-14 & ST-57,Kasson,MN,515,3.549,44.0297055,-92.7503451
65165,AMERIMART # 11,US-61,Jackson,MO,275,3.299,37.3824767,-89.6663432
65171,SIGNAL FOOD STORE #110,US-60 & SR-5,Mansfield,MO,535,3.02566666,37.1067189,-92.5807231
65178,WILD BILLS TRAVEL CENTER,US-65 & SR-14,Ridgedale                               ,MO,535,3.199,36.5039535,-93.2237919
65192,CIRCLE K #2723396,US-49,Collins,MS,620,3.879,31.62614,-89.5451706
65197,SINGH PETRO,US-11,Ellisville                              ,MS,620,3.059,31.5802066,-89.2272612
65198,CIRCLE K #2723437,US-49,Florence,MS,760,2.89566666,32.1558971,-90.1253484
65204,SHELL GAS MART,US-82,Mathiston,MS,576,3.36566666,33.5404625,-89.1386129
65212,Taters #2,US-98 & SR-29,New Augusta,MS,620,3.31566666,31.2024033,-89.0347743
65213,CIRCLE K #2723390,US-98,New Augusta,MS,620,3.199,31.2007706,-89.0422102
65216,STUCKEYS EXPRESS,US-43S,Pelahatchie                             ,MS,760,3.199,32.3127433,-89.8014041
65223,SHELL EXPRESS MART,SR-7 & SR-315,Water Valley,MS,435,3.06566666,34.1514989,-89.6314736
65225,CIRCLE K #2723402,US-49,Wiggins,MS,620,3.509,30.8660774,-89.1647685
65234,COUNTRY MART,US-13/SR-11,Bethel,NC,205,3.00733333,35.8071131,-77.3692876
65241,CIRCLE K #2723474,US-70,Goldsboro,NC,205,3.54066666,35.3795733,-77.9372523
65250,CIRCLE K #2723473,US-70,Morehead City,NC,245,3.649,34.7207696,-76.703782
65251,SPEEDWAY #8277,US-17 & SR-43,New Bern,NC,245,3.26566666,35.1068428,-77.0398762
65274,CENEX C STORE,US-2 & SR-3,Rugby                                   ,ND,452,3.399,48.368888,-99.996246
65282,HEBRON SINCLAIR,US-81,Hebron,NE,413,3.284,40.1664805,-97.5860852
65283,CUBBYS #2107,US-20/SR-15,Laurel,NE,470,3.139,42.4331427,-97.0959196
65289,SHOEMAKERS SOUTH,US-77,Roca,NE,413,3.349,40.657321,-96.662314
65290,ESSENTIAL FUEL #3,ST 71,Scottsbluff,NE,475,3.599,41.8653181,-103.663696
65292,CUBBYS #117,SR-2 & SR-50,Syracuse                                ,NE,319,3.319,40.657224,-96.186398
65293,TRAILS WEST SINCLAIR,US-34 & SR-25,Trenton,NE,475,3.499,40.1757537,-101.0131604
65294,PRIME STOP,ST 35                         ,Wayne                                   ,NE,470,3.244,42.2355389,-97.0122826
65299,EPPING FUELING CENTER,SR-27 & SR-125,Epping,NH,125,4.029,43.0471211,-71.0758436
65308,SUNOCO,SR-17,East Rutherford                         ,NJ,115,3.19233333,40.833989,-74.0970865
65310,Edison Fuel Stop,US-1,Edison,NJ,115,3.159,40.4941326,-74.4129442
65319,PHILLIPS 66,US-30,Clementon,NJ,150,3.199,39.8110615,-74.9825004
65328,THIND TRAVEL PLAZA,SR-20,North Bergen                            ,NJ,115,3.259,40.8042674,-74.012084
65329,UTE MOUNTAIN TRAVEL CENTER,US-160 & US-491,Towaoc                                  ,CO,810,3.45733333,37.211302,-108.7234467
65332,BETTY ROSS TRUCK STOP /BP,US-130 & SR-73,Pennsauken,NJ,150,3.329,39.9562238,-75.0579502
65335,CONOCO,US-22,Phillipsburg,NJ,90,3.359,40.6914767,-75.2040374
65339,US GAS & DIESEL,US-46,Ridgefield,NJ,115,3.229,40.8438135,-74.0059961
65345,SOUTH BRUNSWICK VALERO,US-130,North Brunswick                         ,NJ,115,3.16566666,40.4442885,-74.4695321
65360,Roswell #60,US-285,Roswell                                 ,NM,593,3.36566666,33.3660983,-104.5137964
65365,CHEVRON #381125,US-95,Hawthorne,NV,966,4.079,38.5510454,-118.6572735
65377,PETROL 9 W,US-9W,Glenmont,NY,12,3.699,42.6095728,-73.7889571
65387,MAPLEFIELDS,SR-22 & SR-442,Peru,NY,235,3.799,44.578486,-73.527031
65395,BELLSTORES #132,US-30 & SR-60,Ashland,OH,249,3.499,40.7887367,-82.2360391
65400,NORTHSIDE FUEL STOP,US-30 & SR-19,Bucyrus,OH,411,3.50733333,40.8083909,-82.9754649
65411,CLARKS PUMP N SHOP #10,SR- 32,Jackson,OH,315,3.699,39.0402804,-82.6229876
65415,SPEEDWAY #9314,US-20 & SR-21,Massillon,OH,249,3.48233333,40.7965119,-81.5231597
65426,CIRCLE K #4705357,US-23 & SR-316,Ashville,OH,315,3.089,39.7156186,-82.9529584
65431,QUICK MART AND MORE,US-22 & SR-43,Steubenville,OH,573,3.639,40.3600714,-80.6151034
65441,HUTCH'S #103,SR-6 & SR-66,Elk City,OK,483,2.969,35.4140081,-99.4138648
65444,TXB #24 dba Kwik Chek Food Stores,US-70,Hugo,OK,253,2.969,33.9969248,-95.4753488
65445,QWIK CHEQUE,US-70 & SR-37,Idabel,OK,253,3.199,33.8956647,-94.8263281
65451,Petes #15,US-169 & SR-88,Oologah                                 ,OK,560,3.159,36.4470387,-95.7083151
65518,KWIK FILL #239,ST 51,Crescent                                ,PA,165,3.799,40.5693589,-80.2331055
65521,RUTTERS #17,US-15 & SR-234,East Berlin,PA,70,4.294,39.937597,-76.9785892
65523,SAC SHOP #512,US-30,Everett                                 ,PA,14,4.099,40.0215433,-78.3786289
65532,PILOT TRAVEL CENTERS #1,"I-80,  EXIT 173",Mill Hall,PA,14,4.01566666,41.112112,-77.49051
65533,LIBERTY EXXON,US-15 & SR-414,Liberty,PA,138,3.699,40.3253474,-79.8561591
65537,SHEETZ #048,US-22,Nanty Glo,PA,14,3.51733333,40.471514,-78.834566
65549,T&C MINI MART,SR-33 & SR-191,Stockertown,PA,90,3.699,40.754456,-75.2615618
65552,A PLUS MINI MARKET,US-1 & SR-132,Feasterville Trevose                    ,PA,160,3.899,40.1514065,-74.9886785
65556,RUTTERS #60,US-30 & SR-116,York,PA,70,4.249,39.962493,-76.7276989
65573,SPEEDWAY/7fleet #4587,US-501,Aynor,SC,205,3.124,34.0018664,-79.2080557
65578,CIRCLE K #2723355,US-52,North Charleston,SC,42,3.399,32.8367128,-79.9591732
65587,HOT SPOT #2022,US-25/US-76,Honea Path,SC,30,2.909,34.4524792,-82.4023558
65588,SPEEDWAY #2836,US-17,Johns Island,SC,42,3.069,32.8017516,-80.1028253
65598,LEES QUICK STOP,US-52 & SR-45,Saint Stephen,SC,42,3.41566666,33.4043339,-79.9217432
65614,281 TRAVEL CENTER,US-281,Wolsey,SD,571,3.089,44.4052669,-98.474981
65624,Sudden Service #61,SR-149 & SR-46,Cumberland City,TN,460,3.564,36.3933859,-87.6364056
65625,Chevron,US-64,Fayetteville,TN,460,3.754,35.1628284,-86.5441002
65641,ALLSUPS CONVENIENCE STORE #2331,I-20 & FM 600,Abilene,TX,575,2.87566666,32.44645,-99.7475905
65659,ALLSUPS CONVENIENCE STORE #2169,US-287,Chillicothe,TX,770,2.89566666,34.2540252,-99.4965917
65667,ALLSUPS CONVENIENCE STORE #2103,US-287/US-81,Decatur,TX,630,2.899,33.2296719,-97.5943669
65671,SUPER STOP #22,SR-87 & SR-12,Orange,TX,610,3.439,30.1228634,-93.9041169
65673,PILOT #894,US-57 & US-277,Eagle Pass,TX,693,3.899,28.709211,-100.4992936
65674,VALLEY MART #09,US-277,Eagle Pass,TX,740,3.199,28.7087214,-100.4842921
65678,ONE9 #1300,US-287 & SR-34,Ennis,TX,630,2.869,32.3293111,-96.6252679
65683,ALLSUPS CONVENIENCE STORE #2225,US-60,Friona,TX,585,2.999,34.6342881,-102.7385749
65690,CIRCLE G TRUCK STOP,US-183 & SR-97,Gonzales,TX,595,2.799,29.4436555,-97.5108636
65721,Paradise RV & Truck Park,US-287/US-81,Alvord,TX,770,2.81566666,33.3546786,-97.7034049
65724,STRIPES 7FLEET #42427,US-385 & SR-191,Odessa,TX,710,3.289,31.8457149,-102.367687
65755,CIRCLE K #2723373,US-11 & SR-622,Atkins,VA,185,3.349,36.8687315,-81.3944053
65759,XPRESS STOP,US-522 & SR-694,Cross Junction,VA,60,3.33233333,39.3203785,-78.2933382
65761,NEW DIXIE MART #15,US-58 & SR-671,Franklin,VA,180,3.099,37.0527719,-79.8813093
65764,LEESBURG CITGO,US-15,Leesburg,VA,60,3.499,39.1090113,-77.539356
65765,FOSTERS CONVENIENCE STORE,US-29 & SR-685,Rustburg,VA,185,3.599,37.2754135,-79.1090569
65767,STATELINE FOOD MART #69,US-23,Pound,VA,44,3.599,37.1356944,-82.6233616
65791,EDGAR TRAVEL CENTER,SR-29 & CR-H,Edgar,WI,395,3.559,44.922529,-89.9639464
65793,KWIK TRIP #921,SR-13 & SR-21,Friendship,WI,420,3.274,43.9716638,-89.8161783
65800,BP,US-45,Kewaskum,WI,444,3.219,43.5242157,-88.2312513
65804,KWIK TRIP #628,US-45,Larsen,WI,582,3.43233333,44.1916501,-88.623999
65806,SHELL,US-41 & SR-67,Lomira,WI,444,3.389,43.591382,-88.443713
65809,KWIK TRIP #399,SR-21 & SR-80,Necedah,WI,395,3.249,44.0254284,-90.07213
65812,PLAINFIELD PLAZA,SR-73 & I-39,Plainfield,WI,395,3.29066666,44.2138646,-89.4923422
65814,Kracheys BP Truck Stop,US-18 & SR-35,Prairie Du Chien,WI,420,3.574,43.05194,-91.1409933
65817,TREGO TRAVEL CENTER,US-53 & CR-E,Trego,WI,545,3.58233333,45.9016772,-91.8249769
65822,RSTORE #4499,US-45 & SR-29,Wittenberg,WI,395,3.15566666,44.8088255,-89.1634511
65824,CHANEYS SERVICE STATION,US-30 & SR-2,Chester                                 ,WV,165,3.799,40.6131203,-80.5628478
65842,AM PM TRAVEL CENTER,US-1/SR-4,Blythe,GA,135,3.599,33.3181609,-82.190408
65848,Mobil,I-475,Flint,MI,342,3.199,43.0632885,-83.6797202
65859,SPEEDWAY #6662,US-20 & SR-15,Bristol,IN,465,3.549,41.7214415,-85.8175361
65860,LOVES TRAVEL STOPS #283,"E I-30 & FM 549, EXIT 70",Rockwall,TX,630,3.049,32.9491659,-96.4680997
65863,VALERO,SR-31,Clinton,NJ,115,3.359,40.2101952,-74.7539329
65917,CUMBERLAND CORNER MART,SR-90 & US-127,Albany,KY,410,3.574,36.6917878,-85.1353856
65919,QUICK FUEL #5001,US-78/SR-4,Memphis,TN,435,3.02566666,35.1357392,-90.0345338
65935,MAIN ST JUNCTION,SR-14 & SR-15,Louisville                              ,MS,705,3.099,33.1234879,-89.053243
65969,PILOT  #1105,SR-29 & SR-182,Bunkie,LA,730,3.21233333,30.9528641,-92.1857892
65978,KWIK TRIP #623,US-61,Minnesota City,MN,515,3.399,44.0889845,-91.7480418
66014,BIG D TRAVEL CENTER,SR-12 & SR-183,Irving,TX,630,2.95566666,32.8295183,-96.9442177
66031,WILCO FAST BREAK,US-61/US-24,Palmyra,MO,494,3.119,39.7914877,-91.5173461
66036,FLYING J TRAVEL PLAZA #602,"I-65, EXIT 264",Birmingham,AL,615,3.559,33.4958771,-86.7952449
66043,LOVES TRAVEL STOP #216,US-67 & US-287,Midlothian,TX,630,3.231,32.482361,-96.9944489
66051,Caseys #4419,I-165 EXIT 5,Bowling Green,KY,460,3.02566666,36.9550201,-86.4967329
66061,FLYING J TRAVEL PLAZA #709,"I-80, EXIT 173",Mill Hall,PA,14,4.01566666,41.112112,-77.49051
66074,HEARTLAND XPRESS,US-67 & SR-M,Poplar Bluff,MO,275,3.199,36.7563166,-90.3944869
66090,ROAD RANGER #267,US-281,Pharr,TX,639,3.564,26.2476714,-98.175373
66091,KEYSVILLE SAV U TIME,US-360,Keysville                               ,VA,180,3.399,37.0404287,-78.4833277
66100,CIRCLE K #2723692,"I-26, EXIT 213",North Charleston,SC,42,3.399,32.9914044,-80.0642301
66103,TERRIBLE HERBST #243,I-95 & SR-164,Searchlight,NV,910,3.83233333,35.481282,-114.9195834
66111,CROSSROADS EXPRESS,US-36 & US-83,Oberlin                                 ,KS,475,3.089,39.818338,-100.528201
66136,CHOCTAW TRAVEL PLAZA #638,US-270 & US-59 & US-112,Poteau,OK,645,3.299,35.0568053,-94.6199966
66142,QUICK FUEL #5106,SR-589 & SR-580,Tampa,FL,225,3.49233333,27.9449854,-82.4583107
66156,7-ELEVEN #36567,SR-6 & SR-21,Bryan,TX,670,3.144,30.6743643,-96.3699632
66172,Timewise Food Store #163,"I-35, EXIT 8",Laredo                                  ,TX,693,2.93566666,27.5203328,-99.5031107
66183,CHEVRON CURB STORE,SR-35 & SR-21,Forest                                  ,MS,705,3.569,32.3645888,-89.4742348
66186,STRIPES #40813,US-281 & SR-285,Falfurrias,TX,625,3.08733333,27.2247328,-98.1462397
66223,7-ELEVEN #36548,SR-83,Laredo,TX,693,2.999,27.5173665,-99.4499858
66241,PUMP & PANTRY #29,US-30,Central City,NE,330,3.33733333,41.1159969,-97.9934688
66243,CIRCLE K #4707000,SR-9,Baileyville,ME,170,3.899,45.1549515,-67.4050134
66250,SPEEDWAY #6973,US-1,Wake Forest,NC,177,2.949,35.9461121,-78.5393842
66252,CIRCLE K #4707023,US-1A,Holden,ME,170,3.73233333,44.7549054,-68.6730976
66255,CIRCLE K #4707217,US-2 & SR-16,Gorham,NH,170,3.75066666,44.3878621,-71.1729953
66285,QUIKTRIP #787,"I-675, EXIT 5",Ellenwood,GA,18,3.109,33.619874,-84.2974279
66301,KWIK TRIP #743,US-10 & SR-114,Menasha,WI,582,3.50733333,44.2022293,-88.4465361
66303,KWIK TRIP #787,US-51 & CR-JJ,Schofield,WI,395,3.41566666,44.9096907,-89.6045659
66307,CM ST HELENA,SR-16,Amite,LA,600,3.399,30.7265725,-90.5222219
66316,CASEYS #4204,SR-168,Knoxville                               ,TN,405,3.259,35.8851854,-83.9539605
66319,ROAD RANGER #211,I-90 & RIVERSIDE BLVD,Loves Park,IL,520,3.469,42.3183681,-89.025185
66339,PILOT DEALER #873,US-27,Miami,FL,176,3.699,25.8095872,-80.2060666
66349,CIRCLE K #2741796,"I-40, EXIT 5",Little Rock,AR,695,3.36566666,34.822669,-92.341811
66365,LIBERTY,US-202,Ringoes,NJ,230,3.399,40.4341172,-74.8599965
66370,SPEEDWAY #6979,US-301,Wilson,NC,177,3.129,35.7048692,-77.923398
66374,BROOKSHIRE BROS #6111,US-259,Nacogdoches,TX,618,3.369,31.6831778,-94.6671311
66383,TENAHA EXPRESS MART,US-96 & US-84,Tenaha,TX,618,3.299,31.9437799,-94.2440865
66386,SPEEDWAY #4631,US-220,Bassett,VA,185,3.41566666,36.7593037,-79.9903195
66404,QUICK FUEL #5302,"I-635, EXIT 14",Garland,TX,637,3.08733333,32.866226,-96.6642086
66407,CIRCLE K #2723668,SR-35,Fort Payne,AL,615,3.649,34.4389336,-85.7597175
66416,DUCK THRU FOOD STORE #18,US-13,Winton,NC,130,3.56233333,36.3957098,-76.9319035
66422,PLAQUEMINE TRUCK STOP,ST 1                          ,Plaquemine                              ,LA,600,3.999,30.2840655,-91.2370772
66428,SHELL,US-167,Hensley,AR,695,3.589,34.5053723,-92.2057037
66439,JACK FLASH,I-55,Farmersville                            ,IL,574,3.259,39.4623986,-89.6442207
66440,BP CONNECT #4701,I-55,Chicago,IL,290,3.569,41.8232917,-87.7240585
66451,EZ MART #304,M-57,Middleton                               ,MI,406,3.699,43.1761442,-84.6959869
66454,Fast Stop Shell,I-10,Reserve,LA,600,3.799,30.0823981,-90.5585162
66456,TEXACO #383124,SR-70,Saint James,LA,623,2.969,30.088394,-90.906018
66474,FAMCO EXPRESS,"I-690, EXIT 8",Syracuse,NY,235,3.299,43.0571906,-76.1072641
66475,SPEEDWAY #4346,SR-7,Calexico,CA,900,4.799,32.6713154,-115.4927113
66488,HUCKS FOOD & FUEL #54,I-74,Farmer City                             ,IL,280,3.339,40.2606505,-88.6405021
66507,ST IGNACE TRUCKSTOP,I-75,Saint Ignace                            ,MI,287,3.799,45.8566612,-84.7273488
66508,SAMS SUNOCO,I-75                          ,Toledo                                  ,OH,550,3.399,41.6179601,-83.5417096
66528,GO MART FOOD STORE #99,US-50 & SR-14,Parkersburg,WV,430,3.489,39.2667309,-81.5620755
66531,MIDWAY EXXON TRAVEL CENTER,"I-78, EXIT 16",Bethel                                  ,PA,70,3.359,40.4715932,-76.3145343
66548,YESWAY #1156,US-84 & SR-289,Lubbock,TX,700,2.95066666,33.5855677,-101.8470215
66552,GEM STOP,I-84,Marsing,ID,785,3.58566666,43.5454359,-116.8131958
66556,PILOT TRAVEL CENTER #899- SLIP IN,I-85,South Hill,VA,180,3.959,36.7082732,-78.1153784
66564,SPEEDWAY #6954,US-70,High Point,NC,65,3.049,36.0291616,-79.9693994
66573,Brake Time Corner Market,"I-135, EXIT 14",Wichita,KS,570,3.299,37.6469829,-97.3090811
66586,CIRCLE K #4707609,US-20 & SR-12,Sangerfield,NY,235,4.099,42.9139589,-75.3790591
66598,WOODSHED LL,I-166 & I-169,S Coffeyville,OK,307,3.099,36.9945248,-95.6202552
66607,7-ELEVEN #37392,"I-93, EXIT 5",Londonderry,NH,34,3.799,42.9347927,-71.3830446
66618,CIRCLE K #2723378,I-95,Sumter,SC,42,3.159,33.9426696,-80.060622
66631,SPEEDWAY #3589,I-96,Lake Odessa,MI,342,3.599,42.7847564,-85.1383367
66632,SHELL FOOD MART AND TRUCKSTOP,I-985,Gainesville,GA,16,3.399,34.2402502,-83.8398107
66635,C  BARN,US-67,Park Hills,MO,540,3.049,37.8621814,-90.4904317
66637,BERKLYS TRAVEL CENTER,US-281,Round Mountain,TX,595,3.31566666,30.4081988,-98.3543921
66649,CHOCTAW TRAVEL PLAZA #637,US-59 & CR-E1452,Heavener,OK,645,3.299,34.9093006,-94.6091394
66659,MARATHON,SR-37,Mitchell                                ,IN,415,3.599,38.7271913,-86.4834326
66669,CIRCLE K #2726032,I-40,Jacksonville,FL,75,3.429,30.3262247,-81.6579179
66671,CIRCLE K #2723686,US-72,Scottsboro,AL,285,3.26566666,34.6866858,-85.9942566
66673,MARATHON,SR-72,Huntsville,AL,615,2.979,34.629025,-86.8955797
66678,NKS ROYAL TRUCKSTOP,"I-40, EXIT 16",Gallup,NM,580,3.119,35.5088779,-108.8276001
66725,SPEEDWAY #9662,I-264,Louisville,KY,415,3.029,38.1993564,-85.8275354
66737,THE JUNCTION,US-59 & US-73,Atchison,KS,400,3.279,39.545816,-95.3326052
66738,TREX MART #9,I-29,Dearborn                                ,MO,400,2.999,39.5219411,-94.7699608
66739,ZIP TRIP #64,I-29,Brookings                               ,SD,530,3.399,44.3151089,-96.7586771
66741,DEANS LANE VALERO,I-295,Monmouth Junction,NJ,230,3.14566666,40.3789957,-74.5465436
66750,LOVES TRAVEL STOP #177,I-35,El Dorado,KS,336,3.25566666,37.8173015,-96.8537388
66761,SPEEDWAY #4589,US-501 & SR-90,Conway,SC,205,3.064,33.8360035,-79.0478143
66763,SPEEDWAY #7998,US-52 & US-74,Wadesboro,NC,46,3.64566666,34.9681767,-80.07674
66765,STRIPES #40736,US-77/US-83,Olmito,TX,598,2.999,26.0113442,-97.5311904
66773,STRIPES 7FLEET #42475,US-62,Hobbs,NM,700,3.459,32.7020941,-103.1204022
66775,GO MART,US-33 & CR-116,Rockbridge,OH,315,3.499,39.5797876,-82.5221027
66776,S&G #77,US-224 & US-23,Alvada,OH,411,3.259,41.0503322,-83.4018693
66796,ROYAL FARMS #109,US-13 & SR-404,Bridgeville,DE,243,3.259,38.7427231,-75.6032026
66800,CIRCLE K #2743950,I-35,San Antonio,TX,740,2.804,29.551008,-98.3588608
66802,MOBIL,US-27 & SR-66,Sebring                                 ,FL,140,3.459,27.4957453,-81.4410425
66805,CIRCLE K #2723553,US-27,Ringgold,GA,285,3.07566666,34.91591,-85.1091173
66809,CASEYS #3449,SR-78,Wapello,IA,380,3.349,41.0029892,-92.3946263
66815,MAXS #132,US-641 N,Murray,KY,490,3.399,36.6173401,-88.3150761
66817,JOLLY TRUCK STOP,US-82/US-287,Wichita Falls,TX,770,2.899,33.8843611,-98.4770161
66822,WILD BILL'S,I-78,Sherman                                 ,MS,435,2.919,34.3592707,-88.8411688
66824,STRIPES #42435,US-87/US-277,San Angelo,TX,740,2.799,31.4839206,-100.3836723
66833,STRIPES #5148,US-281,Pharr,TX,639,3.399,26.2476714,-98.175373
66838,RUTTERS #96,US-322 & SR-655,Milroy,PA,14,4.05066666,40.7162115,-77.5892193
66846,CIRCLE K #2723664,US-280,Childersburg,AL,615,3.899,33.2867607,-86.3635437
66850,Stripes,ST 77,Riviera,TX,625,3.12566666,27.2987386,-97.8143004
66853,LOVES TRAVEL STOP #327,US-77 & FM-1898,Kingsville,TX,625,3.15566666,27.5306787,-97.8538386
66868,STRIPES #40604,US-83,Mission,TX,639,2.88233333,26.1960867,-98.2759043
66869,SPEEDWAY #4630,US-220 BUS & CR-782,Ridgeway,VA,185,3.409,36.5768047,-79.8583721
66877,PILOT TRAVEL CENTER #916- TOWN PUMP,US-93 & US-12,Lolo,MT,820,3.609,46.7568598,-114.0822998
66890,CASEYS #4223,US-25E,Middlesboro,KY,405,3.489,36.6153919,-83.7035935
66893,ONE9 #1291,US-287 & CR-174,Bowie,TX,770,2.91233333,33.4198886,-94.4479626
66894,PILOT TRAVEL CENTERS #259,US-69,Muskogee,OK,560,3.32233333,35.8076769,-95.4022964
66902,CIRCLE K #4707239,SR-103,Warner,NH,170,3.93233333,43.2459495,-71.7528374
66905,CIRCLE K #4707212,SR-27,Raymond,NH,170,3.759,43.0393652,-71.1965544
66932,CIRCLE K #4701444,US-34 & SR-164,Monmouth,IL,345,3.449,40.9127103,-90.6472477
66939,KWIK TRIP #416,SR-172 & CR-GV,De Pere,WI,582,3.39066666,44.4493584,-88.0599986
66951,BERKLYS TRAVEL CENTER #3,US-377/US-87,Brady,TX,575,3.61566666,31.100455,-99.3297186
66953,LOVES TRAVEL STOP #355,"I-65, EXIT 16",Memphis,IN,415,3.949,38.4942871,-85.7712009
66964,PILOT TRAVEL CENTERS #239,US-30/US-23,Upper Sandusky,OH,411,3.899,40.8581283,-83.2802917
66968,FLYING J TRAVEL PLAZA #675,US-136 & SR-27,Wayland,MO,345,3.30566666,40.3944871,-91.5832149
66993,PILOT TRAVEL CENTERS #198,US-30 & US-31,Plymouth,IN,465,3.869,41.3436555,-86.3097278
67030,LOVES TRAVEL STOP #337,"I-90 & I-35, EXIT 11",Albert Lea,MN,515,4.089,43.6480127,-93.3682656
67054,LOVES TRAVEL STOPS #436,"I-80, EXIT 118",Salt Lake City,UT,835,3.649,40.7852836,-111.9889503
67055,FLYING J TRAVEL PLAZA #641,I-15,Mccammon,ID,825,3.749,42.6504719,-112.193022
67056,Arco,US-2 & US-59,Erskine,MN,355,3.399,47.6669831,-96.0099602
67075,CM FOREST GOLD,SR-16,Amite,LA,600,3.399,30.7265725,-90.5222219
67077,CASH MAGIC BROUSSARD SOUTH,US-90,Broussard,LA,600,3.399,30.1348704,-91.9448441
67092,SPEEDWAY #8288,US-64 & SR-149,Plymouth,NC,177,3.20733333,35.8668281,-76.7485555
67095,SPEEDWAY #8297,US-17 & US-17 BYP,Chocowinity,NC,205,3.13233333,35.5125955,-77.1009232
67096,SPEEDWAY #6997,I-95/US-301,Fayetteville,NC,63,3.39566666,35.0567034,-78.8603125
67107,SPEEDWAY/7fleet #4595,US-501 & SR-544,Conway,SC,205,3.089,33.8360035,-79.0478143
67117,MCCLURE OIL #65,US-31 & SR-38,Cicero                                  ,IN,375,3.889,40.1323222,-86.0137897
67118,ABELS QUIK SHOP #20,US-36 & CR-437,Hannibal,MO,540,3.06566666,39.7082498,-91.3587413
67119,EASTWAY TRUCKSTOP,SR-80,Somerset,KY,410,3.599,37.0674946,-84.6214798
67138,Kum N Go #0561,US-65 & SR-744,Springfield,MO,535,2.899,37.2081729,-93.2922715
67143,ALL AMERICAN STORES #7,US-30,Fort Wayne,IN,370,3.559,41.1257706,-85.1925121
67149,HOOPS TRAVEL CENTER,I-39 & SR-21,Coloma,WI,395,3.18233333,44.0344373,-89.5223925
67166,Circle K #4705726,US-33,Carroll,OH,315,3.24566666,39.8087812,-82.7130063
67175,KWIK STAR #428,SR-9,Cresco,IA,515,3.524,43.3736148,-92.1161444
67178,KWIK STAR #701,US-63,Denver,IA,565,3.499,42.6680198,-92.344338
67182,KWIK STAR #817,US-52 & SR-24,Calmar,IA,565,3.579,43.1828024,-91.86481
67186,KWIK TRIP #424,SR-15 & CR-26,Fairmont,MN,425,3.399,43.6521775,-94.4610832
67192,KWIK TRIP #464,US-63,Rochester,MN,515,3.54066666,44.0118335,-92.4843708
67193,KWIK TRIP #609,SR-16 & SR-43,Rushford,MN,515,3.499,43.8082606,-91.7531265
67195,KWIK TRIP #646,US-169 & CR-53,Blue Earth,MN,425,3.324,44.0109722,-94.0560643
67196,KWIK TRIP #753,US-14 & SR-42,Eyota,MN,515,3.61566666,43.9887507,-92.2292396
67200,KWIK TRIP #319,SR-13,Spencer,WI,395,3.47566666,44.7574876,-90.2987071
67202,KWIK TRIP #328,US-53 & SR-95,Blair,WI,295,3.23733333,44.2946235,-91.2338433
67206,KWIK TRIP #352,US-53,Chippewa Falls,WI,295,3.40733333,44.9439694,-91.4272785
67208,KWIK TRIP #363,US-14 & CR-O,Richland Center,WI,420,3.389,43.3355298,-90.3854141
67219,KWIK TRIP #455,US-8 & SR-27,Ladysmith,WI,295,3.27233333,45.4642517,-91.1008637
67226,KWIK TRIP #494,US-53 & SR-35,Onalaska,WI,515,3.33566666,43.8830606,-91.2343539
67229,KWIK TRIP #740,SR-15,Hortonville,WI,582,3.509,44.3350374,-88.639343
67233,KWIK TRIP #807,US-10,Brillion,WI,582,3.36566666,44.1828032,-88.0797573
67235,FLYING J TRAVEL PLAZA #507,I-35,Jarrell,TX,765,3.22066666,30.8275778,-97.6029717
67237,OUTPOST TRAVEL CENTER,US-79 & CR-111,Minden,LA,745,3.13233333,32.6154278,-93.2868354
67239,RELAY STATION,SR-1,Shreveport,LA,745,3.13233333,32.5135356,-93.7477839
67241,RELAY STATION 3,SR-175,Frierson,LA,745,3.259,32.2444827,-93.6911289
67245,SPEEDWAY #4582,US-378,Conway,SC,205,3.089,33.8343955,-79.0625578
67246,SPEEDWAY #7941,US-17 & SR-24,Jacksonville,NC,245,3.32566666,34.7509962,-77.4309829
67264,CIRCLE K #4707016,US-1,Princeton,ME,170,3.88233333,45.2026968,-67.5228179
67265,CIRCLE K #4707048,US-2,Lincoln,ME,170,3.73233333,45.3610701,-68.5200325
67271,KWIK TRIP #330,US-169 & SR-25,Belle Plaine,MN,451,3.379,44.622741,-93.7685729
67272,PILOT TRAVEL CENTER #922- TOWN PUMP,US-2 & SR-40,Columbia Falls                          ,MT,820,3.649,48.3697168,-114.191582
67275,KWIK TRIP #481,US-61,Red Wing                                ,MN,451,3.324,44.5607247,-92.4945086
67298,SPEEDWAY #5360,US-42,London,OH,315,3.099,39.8941238,-83.4417624
67308,FUEL STAR,SR-48,New Orleans,LA,619,3.279,29.9615712,-90.0270701
67311,HOLIDAY STATIONSTORE #2746409,US-53 & CR-13,Duluth,MN,334,3.499,46.7838287,-92.1052679
67313,Majors 660 Diboll Truck Plaza,US-59,Diboll                                  ,TX,610,2.83233333,31.1728328,-94.7715093
67316,LOVES TRAVEL STOP #302,US-287 & US-412,Boise City,OK,585,3.40233333,36.7297888,-102.513132
67334,KWIK TRIP #338,US-51,Plover,WI,395,3.299,44.3322112,-89.5233481
67338,HUTCH'S #114,US-81,Enid,OK,337,2.999,36.3964458,-97.8902197
67343,EAGLE EXPRESS,US-41,Peshtigo,WI,360,3.399,45.0846095,-87.6567477
67348,LOVES TRAVEL STOP #389,I-90 EXIT 241,Conneaut,OH,305,3.849,41.9248886,-80.5535434
67350,DE PERE SUPER STORE,US-41,De Pere,WI,360,3.25566666,44.4385409,-88.1000097
67365,KWIK TRIP #491,US-151,Manitowoc,WI,582,3.38233333,44.0725972,-87.7414058
67381,ENMARKET #875,US-78 & US-21,Branchville,SC,195,3.26566666,33.2512711,-80.8156518
67382,CORNER PANTRY TRAVEL PLAZA,SR-79 & SR-40,Hermosa,SD,506,3.299,43.839867,-103.191374
67383,FRIENDSHIP FOOD MART #96,SR-101/SR- 2,Sandusky,OH,550,3.529,41.443751,-82.7299844
67393,LOVES TRAVEL STOP #280,"I-10, EXIT 114",Buckeye,AZ,930,3.569,33.2903835,-112.6136238
67394,Circle K #2745133,US-23 & SR-38,Waycross,GA,75,3.399,31.2135511,-82.3540178
67396,Q C MART,US-61 & CR-E63,Welton,IA,270,3.699,41.9080812,-90.5954147
67398,CASEYS #3998,SR-13 & HWY-C,Lowry City                              ,MO,400,3.249,38.1400275,-93.7268774
67400,SPEEDWAY #3547,I-75 & 696,Lima,OH,411,3.499,40.7263155,-84.075297
67404,Meskwaki Travel Plaza,HIGHWAY 30 E,Tama,IA,486,3.234,41.9934848,-92.6172443
67410,STRIPES #40532,US-83 & US-277,Carrizo Springs,TX,740,3.349,28.5249088,-99.8616529
67426,Spearville Truck Stop,"I-56, 126 RD",Spearville                              ,KS,570,3.46566666,37.8834258,-99.7527292
67427,CASEYS #2907,I-57 & I-62,Charleston,MO,275,3.044,36.9233026,-89.3501172
67431,SPARKYS ONE STOP #32,I-30 & CR 33,Carroll,IA,320,3.23233333,42.0193628,-94.860335
67432,PILOT TRAVEL CENTERS #471,US-27 & US-17,Haines City,FL,140,3.559,28.1067315,-81.6287423
67435,7 ELEVEN #40122,I-95 MM2,Newark,DE,160,3.459,39.6465362,-75.759953
67614,KWIK TRIP #622,US-14 & CR-5,Byron,MN,515,3.574,44.0325922,-92.6454395
67615,KWIK TRIP #844,US-63,Lake City,MN,515,3.549,44.4436202,-92.2738288
67634,54 TRUCK STOP,US-54,Mullinville                             ,KS,357,3.46566666,37.5817659,-99.4755361
67642,GO MART FOOD STORE #103,SR-16 & CR 50/39,Ellenboro                               ,WV,44,3.699,39.2672696,-81.0526209
67645,CIRCLE K #2721416,US-441 & SR-20,Gainesville,FL,75,3.899,29.6519684,-82.3249846
67647,BUCHS TRUCK STOP,SR-7,Steubenville                            ,OH,542,3.69233333,40.3519803,-80.6185411
67650,VIRGINIA FAST STOP,SR-78 & SR-125,Virginia,IL,318,3.759,39.9511595,-90.2123427
67652,ON THE GO TRAVEL CENTER,"I-435, EXIT 8",Kansas City,KS,400,3.999,38.93694,-94.6078054
67665,ALL STAR,US-75 N,Sabetha                                 ,KS,553,3.499,39.9103596,-95.7845351
67682,CASEYS #2739,1323 E MAIN ST,Beloit,KS,336,3.359,39.459117,-98.0956515
67690,CEFCO #64,ST RT 14,Mexia,TX,765,3.099,31.6853915,-96.4888431
67698,FRONTIER TRAVEL CENTER,US-12 & US-85,Bowman,ND,807,3.53233333,46.1010498,-103.5086625
67703,SPEEDWAY #6880,CR-611,Clearwater,FL,225,3.37733333,28.030419,-82.7091007
67705,CITGO,US-1,North Brunswick,NJ,115,3.18566666,40.4736824,-74.4289965
67706,SPEEDWAY #3495,US-1/9,Elizabeth,NJ,115,3.599,40.6618321,-74.2069109
67718,SUNSTOP #622,SR-52 & SR-167,Hartford,AL,715,3.599,31.1019671,-85.6977651
67721,J AND D COUNTRYSIDE MARTHON,SR-76 & SR-173,Poplar Grove                            ,IL,520,3.499,42.3683522,-88.822047
67727,SPEEDWAY #7907,US-264 & SR-33,Greenville,NC,205,2.944,35.613224,-77.3724593
67728,SPEEDWAY #7905,SR-43 & SR-118,Vanceboro,NC,205,3.37566666,35.2995434,-77.1522321
67729,SPEEDWAY #6981,US-301 BYP,Rocky Mount,NC,177,3.43233333,35.9656588,-77.8176334
67732,Quik Pik,US-275 & SR-9,West Point,NE,470,3.21566666,41.84027,-96.7120725
67734,TROTTER TRUCK PLAZA,ST 11,Ord,NE,330,3.299,41.6047893,-98.9391239
67735,Fast Fuel,US-81/SR-3,Kingfisher,OK,483,3.19066666,35.8137245,-97.9395114
67736,SPEEDWAY #9855,I-10 EXIT 49,Fabens,TX,640,3.23566666,31.4846904,-106.0822721
67738,SUPER JACK TRUCK STOP,US-84,Brookhaven,MS,620,3.11566666,31.5457042,-90.4316337
67743,STRIPES 7FLEET #42506,US-380 & US-277,Haskell,TX,575,3.539,33.1542164,-99.7199972
67745,STRIPES #40628,"I-2, EXIT 134 & US-83",Mission,TX,639,3.259,26.1960867,-98.2759043
67746,STRIPES #40598,I-2/US-83,Mission,TX,639,2.869,26.1960867,-98.2759043
67747,STRIPES 7FLEET #42424,US-87/US-190,Brady,TX,740,3.599,31.100455,-99.3297186
67749,STRIPES 7FLEET #42436,I-20 EXIT 134,Midland,TX,612,3.06566666,31.9649168,-102.1063084
67750,STRIPES #40729,FM-511 & FM-802,Brownsville,TX,598,2.999,25.9024289,-97.4981698
67753,STRIPES #40892,SR-359 & SR-16,Hebbronville,TX,625,3.28566666,27.3103306,-98.6798475
67754,Refuel #185,US-220,Stokesdale,NC,65,3.699,36.2370356,-79.9182648
67763,SHELL,US-72,Mount Pleasant,MS,435,3.399,34.9590979,-89.5227747
67768,SHELL,US-60 & SR-657,Lewisport,KY,487,3.499,37.9369974,-86.9022146
67774,7-ELEVEN #39329,I-278/US-1,Linden,NJ,79,3.37566666,40.6487158,-74.2236403
67779,REATA PETROLEUM,I-76 & BARLOW RD,Fort Morgan                             ,CO,800,3.439,40.2477477,-103.7732792
67783,RUTTERS #4,US-30 & SR-1016/2011,Wrightsville                            ,PA,70,3.989,41.9149023,-79.4393877
67784,HAVANA CONVENIENCE,US-136,Havana                                  ,IL,368,3.799,40.2945462,-90.0709026
67789,BEAR RIVER VALLEY CO OP,SR-13/SR-83,Corinne                                 ,UT,835,3.419,41.5552399,-112.1302271
67797,CHEVRON,US-71 & SR-179,Coushatta                               ,LA,745,3.15566666,32.0148834,-93.3421165
67806,84 QUICK STOP,I-84,Brookhaven                              ,MS,620,3.149,31.5790667,-90.4407122
67819,BREW #31,US-71/US-18,Spencer,IA,440,3.46566666,43.1577278,-95.1477465
67820,CIRCLE K #2723487,US-17 & SR-211,Supply,NC,245,3.289,34.0176717,-78.267499
67821,FAS MART #5261,SR-9 & SR-57,Tollesboro,KY,410,3.35233333,38.5595201,-83.5760258
67826,VALLEN MART,US-14,Volga,SD,566,3.319,44.3260051,-96.912649
67829,KWIK TRIP #721,SR-19 & SR-73,Marshall,WI,420,3.49733333,43.1677006,-89.0643334
67832,Sprint Mart #45,US-278/US-45,Tupelo,MS,742,3.189,34.2089763,-88.7402735
67833,PETES #05,US-59 & US-400,Parsons,KS,307,3.299,37.3407838,-95.2596295
67837,PILOT TRAVEL CENTER #1054,US-183 & SR-21,Buda,TX,740,3.41566666,30.082475,-97.8417144
67839,EL TIGRE FOOD STORE #13,SR-336,Hidalgo                                 ,TX,639,3.21566666,26.1948925,-98.0860606
67841,CIRCLE K #2723844,US-15/US-501/US-1,Sanford,NC,177,3.049,35.4866663,-79.1971997
67844,UNCLE WILLIES #1288,US-13,Felton,DE,243,3.219,39.0253076,-75.5634372
67846,CEDAR RIVER PLAZA,SR-35,Stephenson,MI,360,3.419,45.8090945,-88.037775
67849,KUM & GO #0379,US-412/ US-63 & SR-25,Black Rock,AR,435,3.199,36.105763,-91.1078768
67854,CircleK #2709341,US-411,Chatsworth,GA,285,3.499,34.7948953,-84.7729539
67859,PILOT #1135,US-281,Falfurrias,TX,639,3.459,27.2244861,-98.1410359
67861,CASEYS #4308,US-34,Chariton                                ,IA,320,3.539,41.0047242,-93.301697
67868,CHEVRON,SR-19,Huntsville                              ,TX,670,2.979,30.7140419,-95.5683671
67871,BASIN MARKET #107,US-40,Vernal,UT,810,3.599,40.4519938,-109.5482577
67872,SMOKIES,US-45,Okolona                                 ,MS,576,3.099,34.0020146,-88.7547357
67883,CASH MAGIC HOLLYWOOD,US-90,Berwick,LA,725,3.399,29.6872481,-91.2466838
67887,AIRLINE CHEVRON,US-61,Kenner                                  ,LA,725,3.099,29.9747595,-90.2538221
67890,KUM & GO #0449,US-60/US-71,Neosho,MO,535,3.05566666,36.8432311,-94.3797991
67894,CIRCLE K #2705098,US-27 & SR-44,Leesburg,FL,140,3.57233333,28.810823,-81.8778582
67897,KENT KWIK #273,SR-302 & SR-18,Kermit,TX,710,3.039,31.8578999,-103.0932149
67910,G FUEL,US-40 & SR-140,Penns Grove,NJ,243,3.399,39.7295581,-75.4679734
67925,CHEVRON,US-61,Baton Rouge                             ,LA,600,3.899,30.4789815,-91.114433
67929,Circle K,SR-574,Plant City,FL,225,3.32566666,28.012498,-82.1548878
67933,SUNOCO,SR-50 & SR-471,Webster,FL,140,3.33566666,28.6115035,-82.0562065
67934,WHISPERING PINES,SR-10,Greensburg                              ,LA,600,3.099,30.8320831,-90.6738813
67940,MARTIN GENERAL STORE,US-22,Ebensburg                               ,PA,14,3.524,40.4773864,-78.7244003
67957,CITGO,US-27,Hialeah,FL,64,3.47233333,25.8102421,-80.2638136
67968,WHITESBURG BP,US-27/SR-16,Whitesburg                              ,GA,18,3.699,33.4914584,-84.9123958
67976,KWIK TRIP #587,US-141 & SR-22,Lena,WI,582,3.28233333,44.9510985,-88.0469998
68002,CO RETAIL VENTURE DB,US-34 & SR-59,Yuma,CO,800,3.449,40.0163487,-102.458253
68007,Highland oil,US-412,Hardy,AR,435,3.269,36.3188183,-91.4699206
68012,ROYAL FARMS #120,US-13/CR-16,Greenwood                               ,DE,194,3.259,38.80335,-75.5849115
68017,TEXACO,SR-89,Prescott,AZ,930,3.739,34.5405995,-112.4548802
68031,ORCHARD STOP BP,US-30,Montgomery                              ,IL,290,3.649,41.7188658,-88.2991629
68040,MISHAWAKA ROAD FLEET SITE,SR-19 & CR-20,Elkhart                                 ,IN,465,3.689,41.6012796,-85.8590603
68043,CARROLL MOTOR FUELS,US-40,Middle River,MD,22,3.139,39.355865,-76.4509879
68048,CASEYS #3961,SR-3 & SR-143,Marcus,IA,527,3.299,42.82471,-95.8079104
68052,CUBBYS #302,SR-39 & SR-175,Odebolt,IA,319,3.31566666,42.3121507,-95.2520585
68055,Gallops,US-20,Michigan City,IN,370,3.399,41.6803932,-86.8935029
68062,FARMERS UNION OIL,US-83,Wilton                                  ,ND,390,3.899,47.1255995,-100.7923939
68065,Caseys #4450,US-160,Ulysses                                 ,KS,525,3.399,37.5762749,-101.3502376
68067,PUMP & PANTRY #2,US-30 & US-281,Grand Island,NE,330,3.30733333,40.924271,-98.338685
68068,ELGIN ONE STOP,SR-14 & SR-70,Elgin,NE,470,3.13733333,41.9832688,-98.08455
68070,PAULS TRUCK STOP,US-171,Leesville                               ,LA,690,3.449,31.1521903,-93.2636981
68073,BIG BATS 2,US-20,Chadron,NE,506,3.699,42.8289505,-102.9957959
68081,SHELL,SR-308 & SR-654,Mathews                                 ,LA,725,3.459,29.683653,-90.5578268
68102,SUNOCO,ST 17,Carlstadt                               ,NJ,115,3.16233333,40.835767,-74.094552
68110,CIRCLE K #4705573,SR-82,Grafton,OH,414,3.749,41.2872318,-82.0210278
68113,CIRCLE K #4705571,ST 2,Holland,OH,550,3.549,41.621718,-83.711604
68114,BP,US-130,Burlington                              ,NJ,230,3.14566666,40.0819916,-74.8393243
68124,CIRCLE K #4705587,SR-585 & SR-57,Rittman,OH,249,3.659,40.9723644,-81.7811745
68147,Regal Truck Stop,SR 30,New Albany,MS,435,3.249,34.4942683,-89.0078418
68148,CIRCLE K #2723389,US-49,Gulfport,MS,715,2.944,30.4901838,-89.1048741
68165,GOLDEN GATE Fallon,US-50,Fallon,NV,966,3.549,39.474897,-118.7626538
68167,CIRCLE K #4707628,SR-90 & SR-5,Montezuma,NY,220,3.999,43.010065,-76.7032833
68179,WEST PAK A POK,SR-8,Houston                                 ,MS,655,3.399,33.8984461,-88.9992267
68196,CATDADDY MARKET,SR-33,Tazewell,TN,405,3.299,36.4477776,-83.5767356
68212,CIRCLE K #2723415,"I-26, EXIT 16",Spartanburg,SC,210,3.099,34.9312758,-81.9912055
68217,CIRCLE K #2723881,US-701 & US-501,Conway,SC,46,3.184,33.8360035,-79.0478143
68225,OASIS TRUCK STOP,US-60 & US-83,Canadian,TX,585,3.299,35.9120114,-100.3839018
68243,PILOT EXPRESS #1173,"I-5, EXIT 135",Tacoma,WA,977,4.599,47.3050173,-122.5182841
68261,STRIPES #2294,US-83 & FM-1120,Leakey,TX,740,2.949,29.6683487,-99.7424484
68268,SPEED SMART,"I-10, EXIT 114",Buckeye,AZ,930,3.37233333,33.2903835,-112.6136238
68270,MPC #2,US-67 & CR-A,Fredericktown,MO,574,2.99066666,37.5597754,-90.294007
68271,PHOENIX #308,ST 210,Rocky Point                             ,NC,245,3.619,34.43221,-77.8871663
68273,CHISUM TRAVEL CENTER,US-70/US-54,Tularosa,NM,640,2.999,33.0796383,-106.0120157
68274,CEFCO #6,SR-6 & SR-7,Marlin,TX,765,2.999,31.308005,-96.8908895
68277,WHITE OAK STATION #15,US-65,Harrison,AR,735,3.599,36.2320044,-93.0932922
68279,MACS MARKET #101,ST 22A,Fair Haven                              ,VT,12,3.599,43.6051448,-73.2773746
68282,SUNSTOP #612,US-84,Andalusia,AL,720,3.48566666,31.3125065,-86.4902186
68292,GAS N GO,US-280/US-19,Americus,GA,10,3.299,32.0714263,-84.2240883
68303,KWIK TRIP #351,SR-13 & SR-64,Medford,WI,295,3.40066666,45.1391437,-90.3460806
68306,BIG D #018,SR-387 & SR-59,Gillette,WY,790,3.459,44.290635,-105.501876
68314,Refuel #313,US-183 & SR-29,Liberty Hill                            ,TX,595,2.909,30.6649119,-97.9225161
68319,HOLIDAY STATIONSTORE #2746484,US-61 & US-10,Hastings,MN,448,3.569,44.7426933,-92.8518697
68337,SPEEDWAY #1426,US-30 & SR-51,Merrillville,IN,290,3.88566666,41.4828144,-87.3328139
68350,JOAQUIN QUICK STOP,US-84,Joaquin,TX,618,3.43233333,31.9673641,-94.0615925
68354,LEERJAK TRAVEL CENTER,US-60,Ellsinore,MO,275,3.409,36.9257547,-90.7513747
68361,DUCK THRU FOOD STORE #34,US-158 & US-17,Elizabeth City                          ,NC,130,3.499,36.3010192,-76.2203699
68362,RUTTERS #5,US-30 & SR-997,Fayetteville,PA,70,3.859,39.913338,-77.5626132
68372,SPEEDWAY #8062,SR-26/CR-00,Kokomo,IN,375,3.799,40.417875,-86.1948323
68381,Fast Stop Travel Centers #2241,US-26 S & SR-39,Blackfoot,ID,825,3.999,43.190039,-112.348357
68382,QUIKTRIP #766,US-29 & SR-316,Dacula,GA,18,3.32066666,33.9887165,-83.8979573
68383,AYERCO 32,US-61 & SR-P,Canton,MO,494,3.01566666,40.132926,-91.5205242
68386,KWIK TRIP #884,US-45 & SR-22,Clintonville,WI,582,3.559,44.6205348,-88.7623227
68406,TOOT N TOTUM #114,US-385/US-54,Dalhart,TX,585,3.199,36.0548725,-102.506549
68411,PAWNEE TRAVEL PLAZA,US-412 & SR-18,Pawnee                                  ,OK,560,3.044,36.3151645,-96.7200995
68416,STRIPES 7FLEET #42515,US-87 N,Lamesa,TX,710,3.099,32.7311355,-101.9485484
68420,SHELBINA Phillips 66,US-36 & SR-15,Shelbina,MO,494,3.099,39.6939275,-92.0429502
68421,STRIPES,US-77,Refugio,TX,625,3.074,28.1692355,-97.3932887
68432,PAPA ROCK,US-79/SR-76,Clarksville,TN,460,3.199,36.5266902,-87.3495911
68441,QUIKTRIP #1106,US-76,Anderson,SC,30,2.959,34.5197636,-82.6599927
68444,Sunoco,US-30,Roebling,NJ,160,3.159,40.1159169,-74.7863614
68446,J J OIL #07,US-160,Ulysses,KS,525,3.399,37.5765185,-101.3694941
68447,JUMPIN JACKS 419,SR-161,Rockport                                ,IN,487,3.999,37.8914876,-87.0548318
68451,CASEYS #3439,US-63,Lime Springs,IA,433,3.56566666,43.448494,-92.2804954
68453,Marathon,US-82/US-27,Cuthbert,GA,10,3.699,31.7717499,-84.7948606
68458,SPEEDWAY #6278,"I-96, EXIT 16",Coopersville,MI,456,3.599,43.052965,-85.9121672
68462,CHEVRON,SR-24 & SR-660,Houma                                   ,LA,623,3.099,29.5957696,-90.7195348
68463,SPANISH LAKE TRUCK AND CASINO PLAZA,SR-182,New Iberia,LA,730,3.329,30.0096303,-91.8114887
68466,KWIK TRIP #462,SR-11 & SR-83,Burlington,WI,444,3.274,42.6801053,-88.276413
68471,B LINE SHELL,SR-710,Jupiter                                 ,FL,140,3.95733333,26.9338828,-80.106293
68499,DUBOIS TRAVEL STOP,I-15 & MAIN,Dubois                                  ,ID,825,4.299,44.1763122,-112.2350134
68518,CHEVRON,SR-243,Gordon                                  ,GA,85,3.359,34.3995295,-84.9346577
68524,Coastal Fuel,US-421,Wilmington                              ,NC,245,3.399,34.1910944,-77.9340575
68533,MACH ONE FOOD SHOP #17,US-45/US-50,Flora,IL,510,3.899,38.6732994,-88.4516408
68534,BG FOOD MART,US-31,Bowling Green,KY,460,3.05733333,36.9929203,-86.4428677
68535,CASEYS #3295,SR-35 & SR-27,Prairie Du Chien,WI,420,3.499,43.05194,-91.1409933
68541,DUCK THRU #3,SR-11 & SR-561,Ahoskie,NC,130,3.56233333,36.2855245,-76.9857687
68542,EXCELL FUELS,SR-5,Buffalo,NY,38,3.999,42.8864163,-78.8781493
68556,MONICARLO FUEL STOP,US-61 & SR-54,Garyville                               ,LA,623,3.199,30.0701655,-90.6301548
68572,FOOD N FUN #17,US-90 & SR-83 & CR-605,New Iberia                              ,LA,730,3.067,30.0035365,-91.8187285
68574,SPRING STREET SERVICE STATION,US-1/US-9,Elizabeth                               ,NJ,115,3.099,40.6861013,-74.1925155
68588,SHELL,"US-202, EXIT 16",Orange,MA,175,3.649,42.5487076,-72.2984176
68594,CIRCLE K #2723796,SR-S-8-33 & SR-S-8-119,Charleston,SC,42,3.199,32.7884363,-79.9399309
68596,FLASH MARKET SHELL,US-63,Koshkonong,MO,418,3.499,36.5985392,-91.6438933
68598,7-ELEVEN #41032,US-84 & US-259,Mount Enterprise,TX,618,3.349,31.9179473,-94.6810439
68606,SAMS MART #95,SR-49,Harrisburg                              ,NC,46,3.799,35.3154312,-80.6526296
68613,SHEETZ #236,SR-441 & SR-772,Marietta,PA,70,3.389,40.0570441,-76.5521344
68618,MINER TOWNE MART,206 R-11,Shullsburg,WI,335,3.399,42.5739654,-90.2376483
68644,SUPERPUMPER #32,US-2,Minot,ND,452,3.599,48.2165552,-101.3319942
68650,MARATHON,"I-75, EXIT 8",Cincinnati                              ,OH,300,3.899,39.1481845,-84.5396241
68656,TA Express Williston,US-2 & US-85,Williston                               ,ND,807,3.44733333,48.1465457,-103.621814
68671,CASEYS #2969,US-81 & RD F,Fairmont,NE,350,3.28233333,40.6361358,-97.585282
68674,TEXACO,US-290 & SR-696,Elgin                                   ,TX,595,3.099,30.3495084,-97.371118
68690,MARATHON,US-30 & SR-30,Mansfield,OH,315,3.499,40.75839,-82.5154471
68692,DANDY MINI MART #57,SR-14,Horseheads,NY,190,3.899,42.1669832,-76.8202973
68693,SUPER STOPS,SR-70 & SR-308,Belle Rose,LA,623,3.499,30.0385706,-91.0546176
68696,STRIPES #40800,FM-351 & US-181,Beeville,TX,625,3.01566666,28.4008319,-97.7483312
68699,ORGANIC CONNECTION MOBIL,SR-997,Homestead,FL,95,3.344,25.477435,-80.4774341
68701,SPEEDWAY #1421,US-45 & CR-74,Frankfort,IL,293,3.399,41.4979467,-87.8495946
68722,Pilot #140,US-40/US-191,Roosevelt,UT,835,3.759,40.2933183,-109.9904114
68740,Certified Oil #400352,US-20 & SR-510 & SR-101,Clyde,OH,550,3.379,41.3040468,-82.9750686
68741,COUNTY LINE TRUCK STOP,SR-22,Dickinson,ND,273,3.53233333,46.8933545,-102.8036265
68742,ARTESIA #401,SR-82 & SR-285,Artesia,NM,593,3.439,32.8423345,-104.4032963
68798,PILOT DEALER #1179,SR-189,Nogales,AZ,980,4.249,31.3485408,-110.9320947
68801,7-ELEVEN #40574,US-281,Blanco,TX,740,3.399,30.2853637,-98.4078022
68806,SHELL,US-90,Westwego                                ,LA,725,3.06566666,29.920369,-90.1429741
68808,SPEEDWAY #4574,US-701,Loris,SC,245,3.269,34.0516797,-78.891923
68821,Joe's Kwik Mart #473,CR-139,Lancaster,NY,38,3.799,42.91058,-78.6097502
68823,FRIENDS FOOD MART,SR-13,Mansfield                               ,OH,249,4.199,40.6998275,-82.5096348
68824,EXPRESSWAY,SR-60 & CR-9,Heron Lake,MN,425,3.299,43.7949593,-95.3202763
68826,HIGHWAY SERVICE,US-44,Seekonk                                 ,MA,175,3.319,41.8319754,-71.3032516
68828,CIRCLE K #2721540,US-78 & SR-15,New Albany,MS,435,3.759,34.4942683,-89.0078418
68831,KWIK TRIP #896,SR-65 & CR-J,Minneapolis,MN,451,3.599,44.9772995,-93.2654692
68836,Corner Market #160,US-60,Pampa,TX,585,3.399,35.5257628,-100.9769955
68850,SPRINT MART #67,US-84/US-425,Vidalia,LA,730,3.08233333,31.5621133,-91.4231794
68869,PUMP & PANTRY #4,SR-2 & SR-11,Cairo,NE,330,3.32733333,41.0009594,-98.6074087
68882,CAPITAL FUELS MYTON,US-40/191,Myton,UT,835,3.50233333,40.2056317,-110.0675375
68883,CBH TRAVEL CENTER,US-85,Belle Fourche                           ,SD,506,3.299,44.6249562,-103.8601724
68886,BEBO'S,SR-38,Kentwood                                ,LA,600,3.01566666,30.9367128,-90.5219841
68892,OLIVE EXXON,US-31,Holland,MI,371,3.799,42.7559986,-86.1123559
68899,XTRAMART,SR-9,Westborough,MA,175,3.649,42.2694308,-71.6129907
68901,SPEEDWAY #1224,"SR-741 & I-71, EXIT 25",Mason,OH,300,3.159,39.3502981,-84.2666612
68902,CASEYS #3062,SR-281 & SR-160,Medicine Lodge,KS,357,3.114,37.2811339,-98.580361
68903,BIG D KWIK SHOP,SR-59,Gillette,WY,836,3.379,44.2982234,-105.5087294
68915,PUMP & PANTRY #53,US-20,Jackson,NE,527,3.41233333,42.4480811,-96.5785762
68923,STRIPES 7FLEET #42509,US-67 & SR-137,Big Lake,TX,612,3.599,31.1954739,-101.4592746
68927,MARATHON,US-19 & SR-80,Rosedale                                ,VA,185,3.749,36.9592782,-81.9312351
68930,PILOT #4569,"I-95, EXIT 5",Hardeeville,SC,195,3.37566666,32.3365078,-81.0502329
68933,RUTTERS #23,US-30 & SR-462,Mountville,PA,70,3.979,40.0392642,-76.4307964
68935,JACKSONS FOOD STORES #144,I-84 & SR-55,Nampa                                   ,ID,785,3.899,43.5780381,-116.5616885
68937,LANTZ CORNERS MINI MART #255,US-6 & US-219,Kane                                    ,PA,240,3.71566666,41.6628394,-78.8111427
68949,JOES KWIK MARTS #475,US-15 & SR-20,Orange,VA,180,3.33233333,38.2490349,-78.013983
68950,KWIK TRIP #608,US-52 & SR-30,Chatfield,MN,515,3.48233333,43.8446296,-92.1880907
68951,KWIK TRIP #313,US-10 & SR-73,Neillsville,WI,395,3.339,44.5604073,-90.5962609
68974,STRIPES #40801,US-181 & SR-123 & CR-347,Karnes City,TX,625,3.174,28.8849772,-97.9008356
68977,MAVERIK COUNTRY STORE #444,US-491 & US-666,Monticello,UT,835,3.489,37.8750565,-109.3403148
68981,PETRO-CARD 24 #910450,US-63 & US-36,Macon                                   ,MO,494,3.239,39.8416253,-92.5675118
68982,SHELL,US-23,Grand Blanc                             ,MI,342,3.799,42.9275277,-83.6299518
68987,STRIPES #40535,I-35,Cotulla,TX,625,3.339,28.4456452,-99.2467234
68988,7-ELEVEN #40547,US-281 & SR-29,Burnet,TX,740,2.95733333,30.7763939,-98.1700016
68989,QUARLES #4907,SR-166,Norfolk,VA,130,3.809,36.8500567,-76.2662416
68992,SHORT STOP #24,US-24,Saint Marys,KS,553,2.96733333,39.1938759,-96.0704964
68993,SHORT STOP #22,SR-15,Clay Center,KS,316,2.97233333,39.376941,-97.124743
68994,SHORT STOP #25,US-36 & SR-15,Washington,KS,316,2.90233333,39.7887478,-97.0917391
69002,KWIK TRIP #863,US-10,Stevens Point,WI,395,3.584,44.5215311,-89.5904432
69007,SPEEDWAY #7136,US-41 & US-70,Nashville,TN,460,3.24233333,36.1622767,-86.7742984
69008,SPEEDWAY #7137,SR-42 & SR-111,Cookeville,TN,460,3.07733333,36.1623886,-85.4997057
69009,PILOT #1140,US-287,Rhome,TX,630,3.17566666,33.0449362,-97.4645115
69013,SPEEDWAY #7124,US-231/SR-10,Lebanon,TN,460,3.024,36.1969271,-86.2926872
69017,SHELL,US-71 & SR-511,Bossier City,LA,745,2.999,32.515887,-93.7336536
69021,SWEET CRUDE TRAVEL CENTER,HWY 85 & SR 200,Grassy Butte,ND,273,3.64066666,47.3952923,-103.2490767
69036,REFUEL #1038,US-15 & SR-151,Hartsville,SC,46,3.36566666,34.3740431,-80.0734005
69037,CIRCLE K #2723192,US-64 & US-421,Siler City,NC,177,2.949,35.7234734,-79.4622431
69041,SPEEDWAY #7960,US-258/US-13,Farmville,NC,205,2.899,35.5873905,-77.5920057
69042,Joes Kwik Mart #7012,US-17/701,Georgetown,SC,205,2.999,33.370082,-79.27812
69048,QUICK FUEL #2104,"I-74, EXIT 11",Indianapolis,IN,375,3.66233333,39.7192759,-86.0504806
69052,PILOT DEALER #1193,US-93,Wikieup,AZ,930,3.839,34.6822091,-113.5969538
69053,PILOT #1192,US-60,Wittmann,AZ,930,4.899,33.7713306,-112.5204644
69055,PILOT DEALER #1058,US-301 & SR-200,Waldo,FL,140,3.799,29.7896882,-82.1673248
69057,MACH ONE FOOD SHOP #18,US-45/SR-15,Fairfield,IL,340,3.759,38.379453,-88.3952354
69058,FOOD N FUEL,SR-53,Joliet,IL,365,3.599,41.5481365,-88.2015076
69061,SPINX #125 (DISCOUNT AVAILABLE),US-25 & SR-331,Piedmont,SC,30,3.06566666,34.7023389,-82.4645714
69064,DUCK THRU #7,US-258,Rich Square                             ,NC,130,3.699,36.2731172,-77.284912
69069,SPINX #179 (DISCOUNT AVAILABLE),SR-291,Greenville                              ,SC,210,3.799,34.83721,-82.4026829
69076,A PLUS MINI MARKET,"I-95, MM 82",Aberdeen,MD,22,3.83233333,39.5266156,-76.1912881
69079,Circle K #2746432,SR-2,Stanley,ND,452,3.549,48.317241,-102.390452
69084,TIGER MART #79,SR-287 & FM-664,Waxahachie,TX,630,2.849,32.3944908,-96.8439365
69088,SPEEDWAY #3478,US-9 & SR-184,Perth Amboy,NJ,115,3.419,40.5133218,-74.2724241
69091,SPEEDWAY #6670,US-36/SR-67,Indianapolis,IN,375,3.229,39.8600756,-85.9767046
69096,SPEEDWAY #2907,US-62 & SR-18,Hermitage,PA,165,3.93733333,41.2333897,-80.44868
69098,CIRCLE K #2741318,SR-285 & CR-160,Dripping Springs                        ,TX,595,3.049,30.1902067,-98.0866781
69100,DADS NORTH YELLOWSTONE,US-26,Idaho Falls,ID,825,3.599,43.5162281,-112.0070649
69104,QUIKTRIP #970,SR-12 & SR-180,Dallas,TX,630,2.97566666,32.7762719,-96.7968559
69110,SHEETZ #498,US-22/US-119,Blairsville,PA,165,3.52733333,40.4400243,-79.2594526
69117,SPEEDWAY #6395,US-24 & SR-64,Waterville,OH,550,3.699,41.5008859,-83.7182701
69122,DOUBLE QUICK #61,US-82,Leland,MS,655,3.299,33.3966615,-90.9010181
69123,LATTA TRAVEL STOP,SR-1,Ada,OK,569,3.10733333,34.7743383,-96.6783651
69132,PILOT #1001,US-67 & SR-137,Big Lake,TX,710,4.059,31.1954739,-101.4592746
69133,PILOT TRAVEL CENTERS #557,US-180 & US-62,Hobbs                                   ,NM,593,3.729,32.7027017,-103.1355302
69139,CIRCLE K #2741545,SR-72 & US-87,Cuero,TX,747,3.099,29.0938036,-97.2900564
69143,MACH 1 #21,US-45 & SR-34,Harrisburg,IL,510,3.689,37.7385,-88.5405213
69144,STRIPES 7FLEET #42530,SR-71 & SR-16,Llano,TX,740,3.23233333,30.6663312,-98.6970374
69159,EXXON,US-15 & SR-49,Lawrenceville,PA,32,3.699,40.467569,-79.9606078
69162,Shell,US-20 & SR-15,Goshen,IN,370,3.549,41.5850394,-85.8344491
69165,EL TIPI QUICK STOP,US-283 & SR-15,Shattuck                                ,OK,337,3.23233333,36.2739613,-99.8779598
69170,SPEEDWAY #9381,US-50 & SR-14,Parkersburg,WV,430,3.464,39.2667309,-81.5620755
69171,KWIK STAR #215,US-61,Davenport,IA,270,3.649,41.5738799,-90.677988
69173,KWIK TRIP #231,US-61 & SR-310,Boscobel,WI,335,3.474,43.1346751,-90.7057398
69174,KWIK TRIP #860,SR-17,Rhinelander,WI,395,3.45233333,45.636623,-89.412075
69175,KWIK TRIP #854,US-212 & CR-33,Norwood Young America                   ,MN,453,3.674,44.7735732,-93.9216348
69185,LOVES TRAVEL STOP #560,US-258 & US-58,Franklin,VA,130,3.889,37.0527719,-79.8813093
69186,LOVES TRAVEL STOP #551,US-20 & CR-127,Angola,IN,465,3.889,41.634874,-84.99928
69187,LOVES TRAVEL STOP #559,US-82 & US-49,Indianola,MS,655,3.31566666,33.4509513,-90.6550917
69193,Certified Oil #400305,SR-2 & SR-7,New Martinsville,WV,317,3.31733333,39.643573,-80.8636301
69203,SPEEDWAY #1414,US-45,Mokena,IL,293,3.339,41.5529982,-87.8532085
69213,Circle K #2741498,SR-72 & SR-16,Tilden                                  ,TX,747,3.199,28.4600647,-98.5482896
69215,GASWAY,US-1,North Brunswick                         ,NJ,115,3.159,40.4755122,-74.4265252
69222,PILOT TRAVEL CENTERS #1003,US-287 & US-283,Childress,TX,585,3.799,34.5196569,-100.2067656
69226,STRIPES #40812,US-77,Odem,TX,625,3.199,27.9490713,-97.5835587
69230,JOES KWIK MARTS #6013,SR-16 & SR-73,Denver,NC,46,3.189,35.5312452,-81.0297994
69233,PILOT TRAVEL CENTER #597,US-23 & US-50,Chillicothe,OH,315,3.799,39.3331197,-82.9824019
69235,KWIK TRIP #203,US-2 & SR-35,Superior,WI,334,3.339,46.7207737,-92.1040796
69245,SPEEDWAY #7946,SR-24,Newport,NC,205,3.699,34.7766312,-76.8604302
69252,SPEEDWAY #6977,SR-96,Youngsville,NC,205,2.95233333,36.0130793,-78.473545
69255,THE LANDING,US-82,Greenwood,MS,655,3.199,33.5263688,-90.2090875
69257,CATARINA ONE STOP,US-83,Catarina,TX,693,3.024,28.3535853,-99.6150968
69263,LOVES TRAVEL STOP #564,US-82 & SR-50 & SR-12,Columbus,MS,615,3.249,33.4956744,-88.4272627
69289,KWIK TRIP #224,"I-35, EXIT 254",Duluth,MN,334,3.499,46.7891687,-92.1067697
69299,SPEEDWAY #7912,US-421/SR-16,Wilkesboro,NC,65,3.134,36.1502949,-81.1925187
69300,SPEEDWAY #8262,SR-306 & SR-55,Grantsboro,NC,205,3.44066666,35.1406429,-76.84246
69301,SPEEDWAY #6969,US-264 & SR-99,Belhaven,NC,205,3.19733333,35.5401653,-76.6229874
69308,LOVES TRAVEL STOP #535,SR-283,Middletown,PA,70,3.759,41.823874,-76.0769958
69312,ONVO TRAVEL PLAZA - DUNCANNON,US-11/15,Duncannon,PA,70,3.55233333,40.389864,-77.0326127
69318,FUEL ONE,US-9 & SR-35,Avenel,NJ,115,3.37233333,40.5848314,-74.2730161
69321,CIRCLE K #2741546,US-90,Gonzales,TX,747,2.87566666,29.6924037,-97.2965804
69338,SPEEDWAY #6139,US-30 & SR-13,Pierceton,IN,465,3.729,41.2003229,-85.7055417
69344,CIRCLE K #2741078,SR-97 & SR-123,Stockdale,TX,747,3.079,29.2339501,-97.9607748
69354,CIRCLE K #4702411,US-36,Danville,IN,375,3.789,39.7586526,-86.5091309
69362,HART MARATHON,US-31,Hart,MI,456,3.499,43.7116841,-86.3942712
69365,Circle K #4703911,SR-109 & SR-52,Portland,TN,460,2.959,36.5817089,-86.5163833
69374,7-ELEVEN #40558,SR-6 & CR-185,Woodway,TX,765,2.98566666,31.5059105,-97.2050856
69377,CIRCLE K #4705628,SR-21 & SR-585,Barberton,OH,249,3.58233333,41.012833,-81.6051221
69379,Kum & Go #0535,US-6 & US-65,Des Moines,IA,320,2.98733333,41.5868654,-93.6249494
69380,CASEYS #2967,SR-43 & SR-2,Bennet,NE,413,3.229,40.6790215,-96.5078002
69393,LOVES TRAVEL STOP #594,US-35 & SR-850,Bidwell,OH,315,3.849,38.9186892,-82.2990401
69395,SPEEDWAY #3766,US-52,Indianapolis,IN,375,3.599,39.7517753,-86.0348111
69400,CASEYS #4411,US-641 & SR-58,Benton,KY,490,3.199,36.8572781,-88.350315
69412,CIRCLE K #4705724,US-127 & CR-144,Paulding,OH,411,3.699,41.1628401,-84.5902954
69417,LOVLEN FOODS,US-58 & SR-615,Drewryville,VA,130,3.049,36.7157055,-77.3063603
69423,FAST MARKET #4574,SR-375 & CR-258,El Paso,TX,640,2.90566666,31.7601001,-106.4870476
69434,CIRCLE K #2741559,US-281 & SR-29,Burnet,TX,595,2.91566666,30.7763939,-98.1700016
69436,CIRCLE K #2741077,SR-97 & CR-433,Pleasanton                              ,TX,747,2.949,28.967194,-98.4786269
69437,CountryMark,SR-66,Evansville                              ,IN,340,3.699,37.9765999,-87.4829852
69440,LOVES TRAVEL STOP #592,US-24 & SR-101,Woodburn,IN,370,3.849,41.1253271,-84.8532963
69442,Eagle #51,US-83 & FM-1917,Carrizo Springs,TX,740,3.279,28.5153186,-99.8467575
69446,SUPER SAVE #4,SR-33 & SR-15,Farmerville,LA,719,3.479,32.7747312,-92.4046686
69452,DANDY MINI MART #5,HWY 6,Towanda,PA,32,3.999,41.771486,-76.4431778
69453,7-ELEVEN #41033,US-69,Woodville,TX,610,3.149,30.7880771,-94.4198546
69465,MAVERIK COUNTRY STORE #476,US-59,Gillette,WY,790,3.36566666,44.290635,-105.501876
69467,CIRCLE K #2741547,US-181,Floresville,TX,740,2.99566666,29.126146,-98.1383899
69468,TOOT N TOTUM #100,US-83,Perryton,TX,585,2.999,36.3781996,-100.8026264
69477,LOVES TRAVEL STOP #621,US-36 & SR-110,Bevier,MO,310,3.439,39.7469768,-92.5640769
69480,VAN HOOK TRAVEL CENTER,US-23,New Town                                ,ND,452,3.56233333,47.980848,-102.49018
69484,KWIK TRIP #774,SR-13,Adams,WI,395,3.274,43.9559368,-89.8175453
69485,7-ELEVEN #41036,US-96,San Augustine,TX,618,3.159,31.5319675,-94.0998803
69486,DUCK THRU FOOD STORE #42,SR-186 & SR-305,Seaboard,NC,130,3.299,36.4901519,-77.4413634
69494,TMI FUEL STOP,SR 1,Port Allen                              ,LA,600,3.06566666,30.45335,-91.2100569
69495,QUIKTRIP #72,US-69 & US-62,Muskogee,OK,560,3.03233333,35.6630196,-95.3927706
69499,HANKS TRUCK STOP,US-39 & US-30,Hanna,IN,457,3.499,41.4119862,-86.7800207
69508,KWIK TRIP #777,SR-49 & CR-F,Berlin,WI,582,3.42566666,43.9684264,-88.9466233
69510,CLARK #3121,SR-46 & SR-24,Caro                                    ,MI,260,3.399,43.491132,-83.396897
69536,7-ELEVEN #40802,US-87,Nixon,TX,740,3.079,29.266505,-97.7685595
69541,PILOT #1027,US-385 & CR-E,Vega                                    ,TX,585,3.30566666,35.24603,-102.4252734
69547,KWIK TRIP #297,"US-10, WI-441",Menasha,WI,582,3.49066666,44.2339521,-88.4146718
69553,SPEEDWAY #2120,US-30,Oswego,IL,293,3.249,41.6961014,-88.261726
69558,CIRCLE K #2741070,FM-1560,San Antonio,TX,740,2.914,29.5699153,-98.6552167
69562,SPEEDWAY #8796,"I-496, EXIT 11",Lansing,MI,406,3.699,42.7260353,-84.5362581
69565,PILOT #1021,"I-196, EXIT 49",Holland,MI,406,3.999,42.7436034,-86.0720158
69568,KWIK TRIP #295,SR-26 & SR-59,Milton,WI,420,3.399,42.7753567,-88.9390017
69570,CENEX CONVENIENCE,SR-34 & CR-21,Detroit Lakes,MN,341,3.499,46.817181,-95.845325
69580,GORES TRAVEL PLAZA,US-270/SR-3,Seiling,OK,483,3.149,36.1574096,-98.9285441
69584,LOVES TRAVEL STOP #648,US-70,Valliant,OK,253,3.099,34.0028269,-95.0968814
69590,LOVES TRAVEL STOP #654,US-81,Union City,OK,483,3.37566666,35.4563222,-97.936847
69592,SPEEDWAY #6131,"I-465, EXIT 49",Indianapolis,IN,375,3.799,39.7192759,-86.0504806
69594,SPEEDWAY #8480,US-30 & CR-36,Plainfield,IL,293,3.279,41.6086711,-88.2054345
69595,SPEEDWAY #7176,US-31/SR-6,Columbia,TN,460,3.359,35.7147886,-86.9723335
69597,SPEEDWAY #2918,US-119,Uniontown,PA,165,3.91566666,39.8991333,-79.7498679
69598,SPEEDWAY #8133,SR-237,Berea,OH,305,3.499,41.3679713,-81.8568434
69599,One9 SPEEDWAY #2917,SR-48 & SR-130,Monroeville,PA,165,3.99233333,40.4335167,-79.7606192
69601,LOVES TRAVEL STOP #638,US-54,Texhoma,OK,585,3.509,36.5002783,-101.7871339
69605,CASEYS #3305,SR-23 & SR-47,Ogilvie,MN,333,3.371,45.8321825,-93.4263416
69607,PANOLA PINES PLAZA,I-59,Carthage,TX,618,3.139,32.1570412,-94.338114
69608,STRIPES,FM 1924,Mission,TX,639,3.099,26.2635753,-98.3560039
69611,CUBBYS #2104,CR-131,Shelby                                  ,NE,313,3.399,41.2321244,-97.4259157
69614,RUTTERS #36,US-15 & SR-234,York Springs,PA,70,4.299,40.0089827,-77.1155359
69625,RUTTERS #34,US-30 & SR-23,Leola,PA,70,4.199,40.087875,-76.1849534
69630,MANSFIELD TRAVEL PLAZA,SR-175 & SR-509,Mansfield,LA,745,3.019,32.0218301,-93.7143492
69632,Circle K #2709300,US-72/SR-2,Huntsville,AL,460,2.97733333,34.7419423,-86.6004895
69637,PILOT #1041,SR-64 & CR-23,Carol Stream,IL,290,3.759,41.9125286,-88.1347927
69651,LOVES TRAVEL STOP #074,SR-19 & SR-76,Lindsay,OK,483,3.09066666,34.8347959,-97.6025319
69652,LOVES TRAVEL STOP #633,US-30,Plymouth,IN,365,3.849,41.3619985,-86.3119854
69654,LOVES TRAVEL STOP #636,US-169,Nowata,OK,500,3.399,36.743524,-95.6296641
69657,JIFFY MART,US-7 & SR-22A,Ferrisburgh,VT,39,3.599,44.2057119,-73.2462973
69662,STRIPES 7FLEET #42472,US-377,Brownwood,TX,575,2.96233333,31.7100751,-98.991006
69664,7-ELEVEN #40544,US-281,Lampasas,TX,765,2.91566666,31.0519014,-98.1819603
69666,7-ELEVEN #40587,SR-21 & FM-150,Maxwell,TX,595,3.15233333,29.881897,-97.7956423
69671,LOVES TRAVEL STOP #655,US-83 & SR-96,Scott City,KS,525,3.63733333,38.4825192,-100.907094
69672,STRIPES 7FLEET #42507,US-285,Pecos,TX,710,3.379,30.8947643,-102.8986986
69679,LOVES TRAVEL STOP #627,US-27 & SR-54,Davenport,FL,140,3.55233333,28.1614046,-81.6017417
69683,GOOD TO GO #88,"I-55, EXIT 283",Chicago,IL,291,3.619,41.8774134,-87.6243099
69686,CASEYS #3472,SR-125 & SR-78,Virginia,IL,368,3.759,39.9511595,-90.2123427
69687,CASEYS #3470,US-421 & SR-16,Monon,IN,375,3.779,40.8630369,-86.8793079
69688,CASEYS #3431,US-150 & SR-54,Farmer City,IL,368,3.339,40.2433676,-88.6425668
69694,MAVERIK COUNTRY STORE #533,US-91 & SR-101,Wellsville                              ,UT,835,3.444,41.6385432,-111.933834
69701,PUMP & PANTRY #48,US-30 & SR-25,Fremont,NE,486,3.319,41.4338363,-96.4960449
69708,TA Express #289,US-59,Nacogdoches,TX,618,3.139,31.6680761,-94.674062
69709,LOVES TRAVEL STOP #626,US-287,Dumas,TX,585,3.41566666,35.8378392,-101.9732155
69720,PILOT #1046,US-27 & SR-80,South Bay,FL,176,3.799,26.6639559,-80.7161701
69721,MFA,US-36,Brookfield                              ,MO,276,3.249,39.7717925,-93.0722843
69723,SPEEDWAY #5036,I-90 & US-20,Hampshire,IL,293,3.369,42.0978028,-88.5303643
69727,PETRO-CARD 24 #910880,SR-6/13,Gallatin,MO,276,3.299,39.923205,-93.9573522
69729,MFA OIL,US-63 & HWY E,Queen City,MO,494,3.249,40.4091966,-92.5676916
69732,PETRO-CARD 24 #911043,US-65,Sedalia                                 ,MO,392,3.249,38.7012477,-93.2505392
69735,PETRO-CARD 24 #910200,US-65 & BUS US-36,Chillicothe,MO,276,3.289,39.7948749,-93.5532779
69742,LOVES TRAVEL STOP #630,US-412/64,Enid,OK,337,3.78733333,36.3910368,-97.9716014
69743,LOVES TRAVEL STOP #647,US-81,Belleville,KS,523,3.81566666,39.8202177,-97.6405379
69744,LOVES TRAVEL STOP #632,US-54 & US-83,Liberal,KS,585,3.66566666,37.0398062,-100.9222517
69747,SUNOCO,I-69 & YS HWY 30,Fort Wayne,IN,370,3.604,41.0799898,-85.1386015
69748,SUNOCO,SR-930 E,Fort Wayne                              ,IN,370,3.59733333,41.1212362,-85.1857788
69751,MFA,CR-37,Purdy,MO,416,3.349,36.8248986,-93.9226558
69764,MAVERIK COUNTRY STORE #538,I-15 & SR-99,Fillmore,UT,835,3.38733333,38.9688118,-112.323587
69782,BYRNE DAIRY #14,SR-414 & SR-318,Waterloo,NY,190,3.999,42.9046933,-76.8627887
69784,KWIK TRIP #158,US-10 & SR-23,Saint Cloud,MN,451,3.27733333,45.5616075,-94.1642004
69785,LOVES TRAVEL STOP #662,US-287 & SR-285,Quanah,TX,585,3.849,34.2937246,-99.7423674
69789,LOVES TRAVEL STOP #620,US-301 & SR-20,Hawthorne,FL,140,3.789,29.5918856,-82.0869578
69791,PILOT #1083,US-287 & US-54,Stratford,TX,585,3.499,36.3361403,-102.072119
69797,KWIK TRIP #149,US-10,Saint Cloud,MN,451,3.21066666,45.5431875,-94.1115427
69798,LOVES TRAVEL STOP #060,US-36 & US-283,Norton,KS,525,3.109,39.7944702,-99.9100033
69800,MAVERIK COUNTRY STORE #502,US-385 & SR-2,Alliance,NE,795,3.259,42.0971897,-102.8707145
69811,Chisholm Corner #16,US-81 & SR-7,Marlow,OK,569,3.01566666,34.6477329,-97.9579447
69814,Allsup's #2454,US-87 & SR-163,Sterling City                           ,TX,612,3.224,31.8384837,-100.9850761
69818,LOVES TRAVEL STOP #675,US-75,Okmulgee,OK,560,3.21733333,35.6917812,-95.9755158
69819,FLYING J #1086,SR-18 & SR-5,Marion,IN,457,3.489,40.5583739,-85.6591442
69820,CUBBYS #304,SR-7,Manson                                  ,IA,319,3.299,42.5291439,-94.5341421
69823,LOVES TRAVEL STOP #664,US-41,Terre Haute,IN,375,3.949,39.5172592,-87.4069558
69824,LOVES TRAVEL STOP #663,US-190 & LA-103,Port Barre,LA,730,3.124,30.5601953,-91.9540055
69825,KWIK TRIP #154,MN-15,Sauk Rapids,MN,451,3.30233333,45.5997726,-94.1875816
69833,LOVES TRAVEL STOP #658,US-412,Watts,OK,416,3.34733333,36.1092487,-94.5702202
69835,LOVES TRAVEL STOP #653,US-287   ,Eads,CO,800,3.47566666,38.4770892,-102.7700295
69845,Maverik Country Store #5013,US-40 & SR-13,Craig,CO,800,3.459,40.5152491,-107.5464541
69847,KWIK STAR #145,US-52,Guttenberg,IA,335,3.599,42.7980608,-91.1089386
69848,KWIK TRIP #173,SR-17,Rhinelander,WI,395,3.45233333,45.636623,-89.412075
69851,SPEEDWAY #3995,I-90,Belvidere,IL,293,3.849,42.2336489,-88.7942622
69855,LOVES TRAVEL STOP #670,US-18,Floyd,IA,433,3.649,43.0387465,-92.672603
69858,TEX-BEST #528,US-181,Elmendorf                               ,TX,740,2.89233333,29.2270532,-98.2421841
69865,7-ELEVEN #40036,SR-33 & SR-632,Lanexa,VA,180,3.659,37.4237573,-76.9010753
69875,LOVES TRAVEL STOP #680,US-81,Norfolk,NE,470,3.31566666,42.0088135,-97.4265172
69877,LOVES TRAVEL STOP #669,US-61 & SR-19,New London,MO,345,3.23566666,39.5853222,-91.4009835
69878,SPEEDWAY #7412,SR-83 & SR-19,Bensenville,IL,293,3.379,41.9538384,-87.9431781
69882,SPEEDWAY #7103,US-43,Lawrenceburg,TN,460,3.574,35.2766919,-87.317152
69885,BELL STORES #146,SR-43 & SR-183,Malvern                                 ,OH,249,3.579,40.6917271,-81.1812148
69887,CIRCLE K #2701869,SR-21 & SR-307,Savannah,GA,195,3.11566666,32.0790074,-81.0921335
69888,OASIS STOP N GO #17,US-30,Twin Falls,ID,787,3.699,42.5527214,-114.4676572
69892,MAVERIK COUNTRY STORE #547,US-26,Casper,WY,790,3.18566666,42.8567237,-106.2923504
69894,Circle K #2746446,US-2,Williston,ND,452,4.04233333,48.1555964,-103.6489725
69903,LOVES TRAVEL STOP #642,US-60 & US-385,Hereford,TX,585,3.41566666,34.8245521,-102.398778
69904,LOVES TRAVEL STOP #695,US-54/400,Cunningham,KS,570,3.65733333,37.64534,-98.439199
69906,LOVES TRAVEL STOP #692,US-169 & SR-39,Chanute,KS,570,3.27566666,37.6816841,-95.4517985
69907,STRIPES #41023,SR-358 & FM-665,Corpus Christi,TX,625,3.07066666,27.7635302,-97.4033191
69913,ROSS FUEL CENTER,US-60/US-67,Poplar Bluff,MO,275,3.49066666,36.7819384,-90.4529248
69923,Circle K #2741821,FM 471 & SR 211,San Antonio                             ,TX,740,3.03233333,29.4246002,-98.4951405
69928,KUM & GO #1837,SR-51,Broken Arrow,OK,560,3.05233333,36.0594192,-95.7745992
69929,PETES #14,US-69/SR 7,Fort Scott,KS,307,3.199,37.8214112,-94.7041248
69932,CIRCLE K #2741847,SR-16,San Antonio,TX,740,3.07233333,29.4246002,-98.4951405
69936,LOVES TRAVEL STOP #683,US-27,Moore Haven,FL,176,3.789,26.8330604,-81.0888813
69938,MAVERIK COUNTRY STORE #388,US-60 & SR-77,Show Low                                ,AZ,930,3.229,34.2542084,-110.029832
69943,ASAP GENERAL STORE #313,US-81,Duncan,OK,483,3.13233333,34.4679931,-97.973849
69945,BP,"I-465, EXIT 49",Indianapolis,IN,375,3.799,39.7192759,-86.0504806
69949,THE CROSSING TRAVEL MARK,US-83 & SR-153,Winters,TX,575,3.04066666,31.9576897,-99.9628254
69962,LUFKIN TRAVEL PLAZA,US-59 & CR-819,Lufkin,TX,618,2.81566666,31.3386242,-94.7288558
69963,7 CLANS RED ROCK GASINO,US-177,Red Rock,OK,500,3.089,36.4592083,-97.1789322
69975,LOVES TRAVEL STOP #703,US-50,South Hutchinson,KS,570,3.30066666,38.0130845,-97.9400953
69977,KWIK TRIP #855,US-12,Baraboo,WI,420,3.11566666,43.4703887,-89.7761675
69978,LOVES TRAVEL STOP #678,US-271,Paris,TX,630,3.36566666,33.6680559,-95.5119026
69980,RUTTERS #70,SR-896 & SR-741,Strasburg,PA,208,4.199,39.9831559,-76.1841226
69981,RANCHLAND GAS STATION,US-82,Benjamin                                ,TX,770,3.299,33.5840549,-99.7884445
69982,RUTTERS #68,US-422 & SR-934,Annville                                ,PA,70,4.299,40.3295901,-76.515226
69983,MICKEY MART #57,US-250,Strasburg,OH,249,3.49233333,40.5926408,-81.5259937
69986,YESWAY #1061,US-180 & SR-137,Lamesa,TX,612,3.099,32.7357287,-101.9550202
69991,WA SHE SHU TRAVEL PLAZA,US-395,Gardnerville,NV,966,3.699,38.9393795,-119.7449509
69992,KWIK TRIP #120,SR-15 & CR-4,Saint Cloud,MN,451,3.27733333,45.5616075,-94.1642004
69993,CEFCO #99,US-290,Giddings,TX,595,3.159,30.1807067,-96.9251793
69996,YESWAY #1078,US-83 & SR-153,Winters,TX,575,2.999,31.9576897,-99.9628254
69998,CASEYS #3604,US-75,Hinton,IA,527,3.299,42.6272529,-96.2917422
70001,LOVES TRAVEL STOP #690,US-23,Circleville,OH,315,3.789,39.6107189,-82.9491811
70002,LOVES TRAVEL STOP #699,US-49,Magee,MS,620,3.60733333,31.9114605,-89.793846
70004,SPEEDWAY #7775,US-23 & CR-192,Delaware,OH,315,3.619,40.2317686,-82.9651045
70009,KWIK TRIP #661,SR-69 & BUS-11,Monroe,WI,420,3.36233333,43.9416755,-90.6397264
70010,Kwik Star #567,US-65 & SR-3,Hampton,IA,565,3.504,42.7424776,-93.2080861
70017,PACIFIC PRIDE,I-79 & US-19,Morgantown                              ,WV,430,3.459,39.6296809,-79.9559437
70022,SHEETZ #583,US-322 & SR-655,Reedsville,PA,14,3.41566666,40.6542275,-77.601681
70025,SPEEDWAY #6245,SR-43,Carrollton,OH,249,3.559,40.5746512,-81.0896871
70031,SPEEDWAY #8020,US-30,Upper Sandusky,OH,550,3.799,40.8307485,-83.290105
70032,Kwik Star #569,US-20,Waterloo,IA,565,3.574,42.46025,-92.4113471
70033,KWIK TRIP #111,SR-36 & CR-15,Stillwater,MN,448,3.54066666,45.0559126,-92.807572
70036,Speedway #3994,SR-38 & CR-21,West Chicago,IL,293,3.599,41.8847507,-88.2039607
70038,SPEEDWAY #1830,US-31,Grand Haven,MI,456,3.899,43.0435149,-86.2203866
70039,TEX-BEST #527,SR-162 & SR-16,Jourdanton                              ,TX,747,2.92066666,28.9180294,-98.5464069
70042,Kwik Star #103,US-65,Iowa Falls,IA,565,3.374,42.5078569,-93.2623827
70050,KWIK TRIP #124,US-51,De Forest,WI,420,3.23566666,44.2534668,-88.277038
70054,KWIK TRIP #976,CR-241 & CR-ZZ,Oak Creek,WI,444,3.579,42.898729,-87.9177966
70058,KWIK TRIP #590,CR-4 & CR-22,Rochester,MN,515,3.624,44.0234387,-92.4630182
70062,KWIK TRIP #970,SR-164 & SR-59,Waukesha,WI,444,3.53233333,43.0622536,-88.3123889
70063,QUICK FUEL #2206,US-41,Marietta,GA,18,3.519,33.9573342,-84.524766
70066,KWIK TRIP #957,US-18 & CR-PD,Madison                                 ,WI,420,3.604,43.07469,-89.3841663
70075,KWIK TRIP #815,US-63 & SR-48,Cumberland,WI,295,3.624,45.5332856,-92.0214764
70078,KWIK TRIP #573,I-94 & CR-EE,Eau Claire,WI,295,3.399,44.811349,-91.4984941
70079,PILOT #1118,US-60,Clovis,NM,593,4.079,34.4007871,-103.2158863
70080,FLYING J #1117,SR-25,Rochester,IN,370,3.859,41.06438,-86.2064216
70081,PILOT EXPRESS #1032,SR-7,Steubenville,OH,249,3.629,40.3519803,-80.6185411
70082,KWIK TRIP #588,US-51 & SR-70,Woodruff,WI,395,3.09566666,45.8590476,-89.6117528
70083,KWIK TRIP #596,US-14,Black Earth,WI,420,3.444,43.1416681,-89.7433312
70087,PILOT EXPRESS  #1098,"I-95, EXIT 14",Newark,NJ,105,3.999,40.7125731,-74.14321
70088,KWIK TRIP #138,SR-13,Park Falls,WI,395,3.14733333,45.9338249,-90.4517454
70096,LOVES TRAVEL STOP #661,US-65 & SR-81,Pine Bluff,AR,695,3.319,34.2228884,-92.004334
70097,KWIK TRIP #112,SR-32 & SR-23,Sheboygan Falls,WI,444,3.29233333,43.7288923,-87.8114097
70098,KWIK TRIP #110,US-2,Ashland,WI,334,3.699,46.5856522,-90.8992583
70108,RICKY ROCKETS FUEL CENTER,SR-50 & SR-83,Midlothian,IL,291,3.199,41.6253116,-87.7175491
70118,SPEEDWAY #7118,US-41,Smyrna,TN,460,3.01566666,35.9634793,-86.5021296
70122,Circle K #2709301,SR-67,Decatur,AL,615,3.899,34.5991885,-86.9611756
70124,TA Express Lamar,US-50/385,Lamar,CO,525,3.439,38.0931346,-102.6197433
70127,SPEEDWAY #2929,"US-22, US-119",New Alexandria,PA,165,3.97233333,40.3997569,-79.4186048
70136,FUEL CITY SAGINAW,CR-156,Fort Worth,TX,630,2.96566666,32.8508128,-97.3058577
70140,CASEYS #3593,SR-7 & US-50,North Vernon,IN,375,3.59233333,39.006165,-85.6235796
70145,MAVERIK COUNTRY STORE #578,US-26 & US-91,Idaho Falls,ID,825,3.40233333,43.4887907,-112.03628
70154,Stinker,"US-34, CR-56",Kersey,CO,800,3.499,40.3919984,-104.6053606
70156,MAVERIK COUNTRY STORE #348,"US-91, SR-130",Cedar City,UT,791,3.45233333,37.6907851,-113.0619779
70157,LOVES TRAVEL STOP #702,US-63,Waterloo,IA,565,3.769,42.4413859,-92.4219954
70159,LOVES TRAVEL STOP #717,US-460 & SR-156,Disputanta,VA,180,3.56233333,37.1237095,-77.2241782
70160,COMMON CENTS #212,I-90 & SR-337,Sheridan,WY,836,3.56066666,44.7947537,-106.8222688
70162,PILOT #1049,US-58,Suffolk,VA,130,3.899,36.6425377,-76.8850677
70168,KWIK TRIP #575,CR-75,Saint Joseph,MN,451,3.30233333,45.5676368,-94.3224896
70169,ROCKING Oil,SR-21,Caldwell,TX,670,3.099,29.8831475,-97.6790838
70171,CITGO HERITAGE RIDGE,US-151 & SR-26,Waupun,WI,582,3.14733333,43.633216,-88.7296352
70172,MACH 1 #3,I-57 & SR-14,Benton,IL,540,3.599,37.9967163,-88.9200685
70176,MAVERIK COUNTRY STORE #565,I-84,Boise,ID,785,3.39566666,43.5345083,-116.1554597
70177,MAVERIK COUNTRY STORE #497,US-160 & SR-145,Cortez,CO,614,3.41566666,37.3494528,-108.584073
70182,SHELL,US-169,Blue Earth,MN,425,3.299,44.1555989,-94.0301048
70183,PILOT # 1134,US-285 & CR-652,Orla,TX,593,3.759,31.8250149,-103.9090099
70187,PILOT # 1146,I-20 & SR-17,Pecos,TX,710,3.46566666,30.7857437,-102.8065415
70189,HUDSON IRVING 24,SR-3A,Hudson,NH,34,3.799,42.7350242,-71.4269289
70208,GOLDEN GATE PETRO,SR-648,Sparks,NV,966,3.98566666,39.5276461,-119.7775974
70214,RACETRAC #688,I-20 & SR-6,Lithia Springs,GA,18,2.97233333,33.7797505,-84.6506401
70216,PILOT TRAVEL CENTER #1110,I-25 & SR-105,Monument,CO,803,3.639,39.0916586,-104.872758
70218,LOVES TRAVEL STOP #725,I-69 & SR-260,Hanson,KY,490,3.599,37.4172671,-87.4808336
70219,LOVES TRAVEL STOP #709,US-59 & SR-116,Lufkin,TX,610,3.649,31.3386242,-94.7288558
70221,PILOT #1092,CR-70 E,Cedar Rapids,IA,380,3.779,41.9798109,-91.6041494
70222,GOOD TO GO #45,"US-52 & SR-55, SR-18",Fowler,IN,375,3.699,40.6174704,-87.323732
70225,Union 76 Pilot,US-130,Riverton,NJ,105,3.999,40.0115009,-75.0148931
70239,GOOD 2 GO #717,"I-25, EXIT 145",Colorado Springs,CO,803,3.479,38.7922967,-104.7028483
70241,MAVERIK COUNTRY STORE #460,SR-88,Minden,NV,966,3.52566666,38.9555116,-119.7793906
70243,CASEYS #4415,US-68 & US-31W /SR-526,Bowling Green,KY,460,2.999,36.9929203,-86.4428677
70245,YESWAY #1168,US-287 & CR-368,Iowa Park,TX,770,2.889,33.9618,-98.6708437
70246,7-Eleven #37565,SR-944 & SR-9,Miami,FL,95,3.249,25.7741566,-80.1935973
70249,Caseys #4466,US-231 & SR-100,Scottsville,KY,460,3.31233333,36.7533781,-86.1905424
70251,Marathon,SR-42 & US-49,Hattiesburg,MS,620,3.03233333,31.3271189,-89.2903392
70254,LOVES TRAVEL STOP #732,I-70 & CR-829,Abilene,KS,523,3.76233333,38.917252,-97.21377
70255,J&H  FAMILY STORE #152,SR-55,Cadillac,MI,344,3.259,44.282221,-85.3970028
70256,PILOT TRAVEL CENTER #1128,SR-60,Bartow,FL,140,3.599,27.9040808,-81.8396865
70257,LOVES TRAVEL STOP #739,I-2,Donna,TX,639,3.649,26.1861937,-98.0859737
70258,CASEYS #3677,US-59 & SR-30,Slayton,MN,530,3.299,43.987742,-95.755846
70262,ASAP GENERAL STORE #332,US-70 & US-377,Madill,OK,569,3.01566666,34.0902508,-96.7715618
70263,ENMARKET #769,US-301,Statesboro,GA,195,3.699,32.4444477,-81.7838841
70265,Speedee Mart # 2875,I-80 & CR-238,Milford,NE,413,3.43233333,40.774192,-97.0518459
70266,PILOT #1161,I-20,Odessa,TX,710,3.56566666,31.8593275,-102.3116673
70268,CASEYS #3396,SR-92 & SR-149,Sigourney,IA,380,3.36233333,41.3330944,-92.2049364
70270,CASEYS #3685,US-50/US400  & SR-25,Lakin,KS,525,3.19233333,37.9442049,-101.263225
70271,CASEYS #1160,US-20,Plainview,NE,470,3.229,42.350792,-97.7941489
70274,Kwik Star #920,US-18 & US-69,Garner,IA,433,3.399,43.102147,-93.6020069
70276,STAR EXPRESS #5,US-301 & SR-648,Petersburg,VA,180,3.049,37.227928,-77.4019268
70279,KWIK TRIP #926,SR-19 & SR-21,New Prague,MN,448,3.29066666,44.5433331,-93.5760445
70283,SPEEDWAY #3996,US-12 & SR-120,Round Lake,IL,293,3.399,42.353355,-88.0934145
70285,IRVING MAINWAY,SR-16 E,Dover Foxcroft,ME,170,3.86566666,45.1867218,-69.1700432
70286,ROBINSONS IRVING,SR-7,Corinna,ME,170,3.93233333,44.8708287,-69.2829955
70287,LOVES TRAVEL STOP #710,US-31 & SR 28,Tipton,IN,457,3.84733333,40.2899154,-86.058442
70292,FLYING J #1171,I-15,Mesquite,NV,910,3.70566666,36.8040517,-114.1049077
70293,KWIK TRIP #922,US-8,Cameron,WI,295,3.664,45.40851,-91.7297456
70295,SPEEDWAY #8080,I-69 & US-20,Angola,IN,465,3.599,41.634874,-84.99928
70296,MAVERIK COUNTRY STORE #573,SR-68 & SR-154,Riverton,UT,835,3.13566666,40.5179761,-111.9393701
70297,KWIK STAR #509,SR-169 & BUS-20,Fort Dodge,IA,433,3.20233333,42.5044017,-94.1910044
70300,PILOT #1194,I-10 & US-60,Phoenix,AZ,930,6.039,33.4484367,-112.074141
70301,GOLDEN GATE TRUCKSTOP,I-80 & SR-535,Elko,NV,787,3.599,41.1958128,-115.3272864
70302,KWIK TRIP #117,CR-9 & CR-4,Duluth,MN,334,3.499,46.7838287,-92.1052679
70303,Kwik Star #1004,US-63,Waterloo,IA,565,3.574,42.4413859,-92.4219954
70305,LOVES TRAVEL STOP #737,I-40/US-270,El Reno,OK,483,3.344,35.5100037,-97.9741968
70306,KWIK STAR #1001,US-6,Newton,IA,320,3.249,41.6991597,-93.0339024
70309,PILOT #1165,SR-18 & SR-128,Jal,NM,593,3.36566666,32.112125,-103.1934615
70310,LANCASTER CONVENIENCE,US-2 & US-70,Lancaster,MA,34,3.70566666,42.4431437,-71.6852823
70311,RACING MART,SR-8,Adams,MA,215,3.699,42.6209431,-73.1204129
70314,CASEYS #2721,US-34,Lincoln,NE,413,3.3365,40.8133604,-96.653619
70321,PILOT TRAVEL CENTER #1132,SR-171 & SR-78,Brawley,CA,900,4.759,32.9786566,-115.530267
70322,INDIAN HILL IRVING,SR 6,Greenville,ME,170,3.86566666,45.458955,-69.5916835
70324,LOVES TRAVEL STOP #729,CR-17 & US-20,Goshen,IN,465,3.72233333,41.5850394,-85.8344491
70328,Thorntons #7,US-12 & US-45,Franklin Park,IL,290,3.329,41.9353084,-87.865618
70329,1 STOP TRAVEL PLAZA,US-14 & US-83,Pierre,SD,571,3.38233333,44.3683644,-100.351136
70334,KWIK TRIP #1021,SR-11 & CR-E,Brodhead,WI,420,3.41566666,42.6197428,-89.376795
70340,PIT STOP,SR-53 & SR-74,Joliet,IL,399,3.499,41.5263603,-88.0840212
70341,LOVES TRAVEL STOP #741,US-29,Reidsville,NC,65,3.999,36.3273048,-79.6431761
70344,KWIK TRIP #928,US-169,Princeton,MN,451,3.399,45.5891214,-93.6005407
70349,WEIGELS #90,SR-139 & SR-66,Kodak,TN,405,3.199,35.9745323,-83.6268396
70350,CIRCLE K #2741859,CR-802,Brownsville,TX,665,3.029,25.9328446,-97.4746222
70351,MAVERIK COUNTRY STORE #606,US-91,Franklin,ID,825,3.579,42.0828359,-111.8666544
70352,KWIK TRIP #1019,CR-5 & SR-65,Isanti,MN,448,3.474,45.5693224,-93.326521
70357,Certified Oil #400489,"I-71, EXIT 104",Columbus,OH,315,3.409,39.9991823,-82.9025691
70358,FOOD N FUEL #25,SR-15 & US-12,Milbank,SD,248,3.369,45.219131,-96.635617
70361,MAVERIK COUNTRY STORE #599,US-89 & CR-122,Thayne,WY,825,3.669,42.9208143,-111.002469
70366,FAST STOP,US-41,Escanaba,MI,360,3.399,45.7457375,-87.106295
70371,KENT KWIK #440,US-277,Haskell,TX,575,3.539,33.1613357,-99.7280116
70373,KWIK TRIP #791,US-45 & SR-54,New London,WI,582,3.484,44.3927581,-88.7398255
70374,LOVES TRAVEL STOP #746,I-72 & SR-121,Decatur,IL,280,3.449,39.8454163,-88.9524151
70375,QUIKTRIP #1853,US-81,Decatur,TX,630,2.899,33.2296719,-97.5943669
70376,QUIKTRIP #1935,SR-183,Dallas,TX,630,2.97566666,32.8772756,-96.6134998
70377,WEIGELS #81,I-81 & SR-32,Morristown,TN,405,3.259,36.2139814,-83.2948923
70379,SPEEDWAY #7209,US-411 & SR-20,Cartersville,GA,18,3.11566666,34.1652304,-84.7997613
70383,SPEEDWAY #4400,I-10 & SR-59,Loxley,AL,715,3.28233333,30.6182476,-87.7530454
70385,LONGHORN EXPRESS,US-70,Ardmore,OK,253,3.009,34.1465181,-97.1557721
70389,PILOT #1145,SR-191,Midland,TX,710,3.56566666,32.0193559,-102.0582166
70390,FLYING J #1206,SR-302 & CR-313,Kermit,TX,710,3.25566666,31.8578999,-103.0932149
70404,MAVERIK COUNTRY STORE #602,"I-25 EXIT, 138",Colorado Springs,CO,803,3.289,38.7922335,-104.6984674
70405,LOVES TRAVEL STOP #760,SR-18 & SR-234,Eunice,NM,593,3.329,32.4388224,-103.159002
70406,LOVES TRAVEL STOP #754,SR-251,Rochelle,IL,520,3.749,41.9017711,-89.0683773
70410,SPEEDWAY #4107,I-285 & US-78,Stone Mountain,GA,18,3.529,33.8062166,-84.1457505
70411,MARATHON,SR-72,Elberton,GA,16,3.899,34.1165054,-82.8735803
70413,CASEYS #3782,US-169 & SR-2,Mount Ayr,IA,320,3.164,40.7145873,-94.2381367
70416,ALLSUPS CONVENIENCE STORE #2361,US-54 & US-287,Stratford,TX,585,2.95733333,36.3361403,-102.072119
70417,CASEYS #3434,US-63,Denver,IA,565,3.499,42.6680198,-92.344338
70420,Circle K #2709302,SR-67,Decatur,AL,615,3.50733333,34.5991885,-86.9611756
70421,CASEYS #3581,US-62/US-67,Corning,AR,695,3.28233333,36.4114687,-90.6054935
70422,CIRCLE K #2741675,"I-10, EXIT 134",Tolleson,AZ,930,3.519,33.4624821,-112.2372306
70423,LOVES TRAVEL STOP #763,I-90 & US-20,Hampshire,IL,290,3.649,42.0978028,-88.5303643
70426,BISHOPS TRAVEL CENTER,US-27,Attapulgus,GA,20,3.699,30.7495931,-84.4838714
70427,PARKERS #64 (DISCOUNT AVAILABLE),SR-307,Savannah,GA,195,3.03233333,32.0790074,-81.0921335
70428,PARKERS #63 (DISCOUNT AVAILABLE),US-301,Jesup,GA,195,3.11566666,31.5863184,-81.8755741
70429,BP,SR-76,Adel,GA,10,2.969,31.1369905,-83.441339
70430,SPRINT FOODS #715,I-520 & SR-56,Augusta,GA,135,3.19233333,33.4709714,-81.9748429
70434,HUCKS FOOD & FUEL #371,SR-148 & SR-142,Mount Vernon,IL,340,3.099,38.3172715,-88.9031201
70436,CASEYS #3492,US-36,Marysville,KS,413,3.299,39.8417647,-96.5996483
70438,BREAU BRIDGE TRUCKSTOP AND CASINO,SR-94,Breaux Bridge,LA,730,3.229,30.2830549,-91.908047
70439,CHEVRON,I-20 & SR-151,Arcadia,LA,590,3.189,32.5489683,-92.9217754
70440,MOUND MINI MART,I-696,Warren,MI,325,3.699,42.4913511,-83.063485
70441,BREAK TIME #3165,US-50 & SR-13,Warrensburg,MO,400,3.29233333,38.7624373,-93.7409596
70442,GOLDEN GATE PETRO,I-580 & US-50,Carson City,NV,966,3.599,39.1663259,-119.7670374
70445,CASEYS #3514,SR-1,Oakes,ND,341,3.38233333,46.138579,-98.090379
70446,ALLSUPS CONVENIENCE STORE #2220,US-285,Loving,NM,640,3.599,32.2828481,-104.1010404
70450,QUEENSBURY,SR-149,Queensbury,NY,12,3.789,43.3615106,-73.7012991
70454,DANDY MINI MART #36,US-220,Monroeton,PA,200,4.03233333,41.7123264,-76.4698333
70456,RUTTERS #67,SR-16 & SR-75,Mercersburg,PA,70,4.399,39.8282214,-77.9037226
70458,STOP-A MINIT,US-25 & SR-418,Pelzer,SC,30,2.899,34.6423372,-82.4559598
70459,GET N GO #22,I-90 & SR-115,Sioux Falls,SD,530,2.939,43.5476008,-96.7293629
70460,ALLSUPS CONVENIENCE STORE #2371,US-87,San Angelo,TX,612,3.20566666,31.4238394,-100.4160415
70463,CIRCLE K #2741496,US-290,Chappell Hill,TX,670,2.999,30.137918,-96.2738341
70464,GOLDEN GATE PETEROLEUM 24 RD,US-6,Grand Junction,CO,810,3.539,39.0841774,-108.5922893
70468,CIRCLE K #2741325,I-14 & SR-121,Belton,TX,765,2.88566666,31.0560132,-97.464453
70469,TA EXPRESS #286,I-30 & SR-423,Mount Vernon,TX,637,3.299,33.1890841,-95.2214564
70472,SHELL/ONE9 #1304,I-820 & CR-156,Fort Worth,TX,630,2.89233333,32.753177,-97.3327459
70479,CROSSROADS MARKET,US-60 & SR-657,Gladstone,VA,185,3.439,37.5468094,-78.8494619
70482,BIG D OIL #19,SR-259 & SR-387,Midwest,WY,790,3.459,43.411391,-106.280075
70483,BOLLA MARKET,SR-27 & CR-47,Copiague,NY,83,3.439,40.6728425,-73.3947639
70484,ALLSUPS CONVENIENCE STORE #2117,SR-18 & CR-97,Lovington,NM,700,3.104,32.9440685,-103.3487454
70488,ALLSUPS CONVENIENCE STORE #2365,US-380 & SR-214,Plains,TX,700,3.369,33.1892387,-102.827274
70491,MFA OIL PETRO CARD 24,US-36,Hamilton,MO,276,3.24066666,39.7337206,-94.0201598
70493,LOVES TRAVEL STOP #759,US-63/SR-11,Hazen,AR,695,3.22566666,34.8190401,-91.5667561
70494,7-ELEVEN #37570,I-76/US-6,Commerce City,CO,800,3.639,39.8603995,-104.9104287
70495,LOVES TRAVEL STOP #689,US-65 & US-82,Lake Village,AR,695,3.269,33.3294799,-91.2850584
70500,STRIPES 7FLEET #42526,SR-289,Lubbock,TX,700,3.05566666,33.647738,-101.837867
70501,STRIPES 7FLEET #42527,SR-191 & US-349,Midland,TX,710,3.47233333,31.83688,-102.0103767
70503,STRIPES 7FLEET #42491,US-67 & SR-137,Big Lake,TX,710,3.549,31.1954739,-101.4592746
70507,ALLSUPS CONVENIENCE STORE #2154,SR-206 / US-283,Coleman,TX,575,3.159,31.7766863,-99.4461098
70509,ALLSUPS CONVENIENCE STORE #2108,US-377 & US-183,Early,TX,575,2.93233333,31.742096,-98.9456052
70510,ALLSUPS CONVENIENCE STORE #2147,SR-6 & CR-454,De Leon,TX,630,3.159,32.1104362,-98.5371496
70530,LOVES TRAVEL STOP #767,FM-511 & SR-48,Brownsville,TX,625,3.15566666,25.9024289,-97.4981698
70540,LOVES TRAVEL STOP #674,US-27 & SR-60,Lake Wales,FL,140,3.55233333,27.9014133,-81.5859099
70541,Kwik Star#1012,US-71 & SR-9,Spirit Lake,IA,440,3.299,43.4224868,-95.1024729
70543,ALLSUPS CONVENIENCE STORE #2078,US-60,White Deer,TX,585,2.969,35.4336467,-101.1769226
70546,ALLSUPS CONVENIENCE STORE #2370,US-287 & SR-70,Clarendon,TX,585,2.929,34.9359346,-100.8905829
70547,ALLSUPS CONVENIENCE STORE #2140,SR-114,Bridgeport,TX,630,2.899,33.2110122,-97.7332845
70548,ALLSUPS CONVENIENCE STORE #2114,US-84,Muleshoe,TX,700,3.19066666,34.2261424,-102.7236388
70550,TEXACO #379545,US-290,Giddings,TX,595,3.399,30.1807067,-96.9251793
70551,KWIK TRIP #1047,SR-100 & SR-59,Milwaukee,WI,444,3.54066666,43.0386475,-87.9090751
70552,KWIK TRIP #941,US-2,Duluth,MN,334,3.499,46.7365297,-92.2145331
70553,KWIK TRIP #1028,US-59,Worthington,MN,425,3.16566666,43.641934,-95.5934706
70554,HORSESHOE CONVENIENCE,SR 302 & IC 200,Mentone,TX,710,3.10733333,31.7067317,-103.5985429
70556,ZIP ZONE EXPRESS,US-23,Catlettsburg,KY,255,3.699,38.4341428,-82.6061899
70561,PILOT #1143,I-20 & SR-302,Odessa,TX,710,3.599,31.8457149,-102.367687
70562,SPEEDWAY #7161,I-65 & US-31,Portland,TN,460,3.024,36.5817089,-86.5163833
70563,PILOT DEALER #1234,US-93 & CR-145,Willow Beach,AZ,910,3.839,35.8697801,-114.6600654
70571,LOVES TRAVEL STOP #748,"I-90, I-80 & SR-49",Edon,OH,550,3.88733333,41.556367,-84.7690441
70572,LOVES TRAVEL STOP #745,I-94,Saint Clair,MI,342,3.949,42.9991021,-82.4249334
70573,KWIK TRIP #1038,US-12,Prairie Du Sac,WI,420,3.484,43.3163409,-89.7590366
70577,SPEEDWAY #3715,US-30,Crest Hill,IL,293,3.299,41.5594986,-88.1328038
70579,Exxon/One9 #1338,I-35 & CR-372,Jarrell,TX,765,2.88566666,30.8249094,-97.604454
70583,LOVES TRAVEL STOP #783,US-60 & US-63,Willow Springs,MO,535,3.419,36.9922768,-91.9698742
70586,MAVERIK COUNTRY STORE #610,I-80,Winnemucca,NV,966,3.389,40.9749996,-117.7389039
70587,MAVERIK COUNTRY STORE #623,US-89,Gunnison,UT,835,3.419,39.1599693,-111.8135251
70590,CIRCLE K #2722291,US-1 & SR-206,Saint Augustine,FL,75,3.379,29.8946952,-81.3145395
70597,SPEEDWAY #9394,SR-4 & US-25,Lexington,KY,410,3.129,38.0464066,-84.4970393
70598,SPEEDWAY #7175,US-78 & SR-175,Memphis,TN,435,3.199,35.146026,-90.0517786
70599,Jet Food Store,US-278,Warrenton,GA,85,3.41566666,33.4074817,-82.6727199
70600,KWIK STAR #1027,US-65,Mason City,IA,433,3.264,43.1563415,-93.2016577
70604,KWIK STAR #940,US-69 & SR-9,Forest City,IA,433,3.449,43.2626747,-93.6376741
70605,SPEEDWAY #1042,"I-55 & SR-50, EXIT 286",Cicero,IL,291,3.599,41.8519053,-87.7464962
70611,Shell,US-6 & SR-3,Kendallville,IN,370,3.499,41.4414385,-85.2649754
70619,KWIK TRIP #1049,US-212 & CR-68,Glencoe,MN,448,3.524,44.7691886,-94.1515671
70622,SPEEDWAY #6781,US-422,Douglassville,PA,208,3.799,40.2545688,-75.7209779
70625,BROWNVILLE IRVING,SR-11,Brownville,ME,170,3.93233333,45.299062,-69.0280295
70634,CORNER MARKET #101,US-83 & SR-96,Scott City,KS,525,3.359,38.4825192,-100.907094
70635,CIRCLE K #4705706,US-224 & SR-99,Willard,OH,249,3.599,41.0531134,-82.7262958
70643,LOVES TRAVEL STOP #774,US-431/CR-248,Smiths Station,AL,720,3.194,32.5377361,-85.0893433
70646,KWIK TRIP #1051,I-43 & CR-N,Green Bay,WI,582,3.44066666,44.5126379,-88.0125794
70648,BARRINGTON APPLEGREEN,SR-125 & SR-9,Barrington,NH,178,3.899,43.223191,-71.047211
70655,GOLDEN GATE PETROLEUM,US-6,Grand Junction,CO,810,3.499,39.0841774,-108.5922893
70658,CASEYS #3708,SR-235,New Carlisle,OH,411,3.259,39.9404585,-84.0246872
70663,LENNYS GAS N WASH BOURBONNAIS,US-45/US-52,Bourbonnais,IL,296,3.399,41.204446,-87.8767347
70666,Thorntons #322,"I-55, EXIT 288",Chicago,IL,290,3.599,41.8774134,-87.6243099
70668,LOVES TRAVEL STOP #784,US-30 & CR-9,Schuyler,NE,486,3.28233333,41.4473547,-97.0572541
70677,PAC PRIDE,US-60,Glendale,AZ,930,4.024,33.5301756,-112.1758499
70681,PETRO STOP,US-60,Mesa,AZ,930,4.01566666,33.4150572,-111.8084127
70686,HOLIDAY STATIONSTORE #2746471,US-12,Hudson,WI,448,3.539,44.9626236,-92.7509736
70692,RUTLAND ROUTE 7 IRVING,US-4 & US-7,Rutland,VT,170,3.699,43.6084792,-72.9724768
70693,MAPCO #3507,US-76 & SR-71,Dalton,GA,285,3.119,34.7691867,-84.9702475
70695,ALLSUPS CONVENIENCE STORE #2132,US-54 & US-380,Carrizozo,NM,580,3.28233333,33.6451866,-105.8775111
70698,ALLSUPS CONVENIENCE STORE #2038,US-54,Logan,NM,585,3.199,35.357467,-103.4114499
70699,QUIK STOP,US-79,Paris,TN,490,2.959,36.3014962,-88.3096933
70700,PATRIOT FUELING CENTER,US-231/SR-9,Wetumpka,AL,720,3.199,32.5424348,-86.1952558
70705,CASEYS #3464,SR-48 & CR-10,Morrisonville,IL,280,3.759,39.4200501,-89.4556486
70706,BIG APPLE TRAVEL CENTER,I-44/US-71,Joplin,MO,416,3.21233333,37.092218,-94.4768696
70709,VP Racing Fuels,SR-19,Center,MO,540,3.16566666,36.7144567,-91.8737261
70710,LOVES TRAVEL STOP #799,US-72 & SR-15,Walnut,MS,655,3.559,34.9485431,-88.9020767
70711,LOVES TRAVEL STOP #762,FM-1472,Laredo,TX,693,3.25566666,27.6088557,-99.5202285
70714,PILOT TRAVEL CENTER #1281,US-89,Page,AZ,910,3.999,36.9167005,-111.4763627
70725,LOVES TRAVEL STOP #782,"I-24 & US-41, EXIT 86",Oak Grove,KY,415,3.14233333,36.6650471,-87.4427878
70726,CASEYS #1195,US-36,Belleville,KS,336,3.339,39.8127603,-97.6608558
70727,CASEYS #2998,US-75 & SR-23,Pipestone,MN,530,3.449,44.0270012,-96.2566582
70728,CASEYS #3245,US-81,Freeman,SD,530,3.299,43.3456275,-97.4204606
70729,CASEYS #3785,US-14,Fort Pierre,SD,571,3.399,44.3709723,-100.3710321
70730,CASEYS #3855,US-81,Yankton,SD,572,3.139,42.9143249,-97.3974903
70731,PILOT TRAVEL CENTERS #1181,IL-38 E,Rochelle,IL,520,3.759,41.9342433,-89.051313
70732,MAVERIK COUNTRY STORE #627,I-15 EXIT 303,Salt Lake City,UT,835,3.44233333,40.785224,-111.9898769
70733,CASEYS #1607,US-63,Macon,MO,392,3.29066666,39.7316184,-92.4657937
70741,CASEYS #3590,US-27,Geneva,IN,465,3.594,40.5985258,-84.956619
70742,CASEYS #3653,SR-14,Greene,IA,433,3.599,42.896221,-92.8030194
70743,CASEYS #3659,US-10 & SR-115,Randall,MN,250,3.48566666,46.0910771,-94.5036199
70745,CASEYS #3752,",",Mountain Lake,MN,425,3.40233333,43.9392996,-94.9309224
70746,CASEYS #3085,US-34 & SR-14,Aurora,NE,330,3.099,40.866888,-98.004508
70748,CASEYS #3717,US-218,Vinton,IA,380,3.199,42.1611309,-92.0377436
70749,CASEYS #3719,US-160,Ulysses,KS,525,3.409,37.5762749,-101.3502376
70754,CASEYS #3758,US-77,Douglass,KS,570,3.264,37.517831,-97.0044611
70755,CASEYS #3809,US-56 & SR-51,Hugoton,KS,525,3.39233333,37.1753025,-101.349602
70756,CASEYS #3780,US-40,Tonganoxie,KS,400,3.159,39.1163197,-95.0745991
70757,CASEYS #3811,US-69,McAlester,OK,560,3.22566666,34.9279414,-95.7400481
70760,CASEYS #2730,US-34 & SR-15,Seward,NE,413,3.369,40.8695533,-97.1706676
70761,CASEYS #3841,"US-61, EXIT 5",Kieler,WI,335,3.489,42.5885087,-90.6024959
70765,CEFCO #103,SR-36,Temple,TX,765,2.96566666,31.0591136,-97.3344455
70769,CASEYS #3527,US-169 & US-60,Nowata,OK,307,3.18233333,36.7798848,-95.6226184
70770,CASEYS #3528,SR-92,Washington,IA,380,3.271,41.6805444,-93.2460383
70771,CASEYS #3545,US-14/CR-27,Sleepy Eye,MN,425,3.33233333,44.2972461,-94.7056452
70773,CASEYS #3575,US-36,Seneca,KS,413,3.159,39.8414047,-96.0859731
70775,CASEYS #3576,US-56,Overbrook,KS,400,3.19566666,38.7823106,-95.5578235
70776,CASEYS #3579,US-36,Smith Center,KS,330,3.179,39.7850675,-98.791361
70789,7FLEET #46080,"I-41 & US-41, EXIT 133",Neenah,WI,360,3.449,44.1550417,-88.4631884
70794,CASEYS #3747,SR-103 & CR-96,Carey,OH,411,3.17566666,40.9525551,-83.3824238
70832,FLYERS #766,SR-648,Sparks,NV,966,4.059,39.5276461,-119.7775974
70833,FLYERS #764,SR-667,Reno,NV,966,4.05233333,39.482536,-119.7913036
70855,FLYERS #761,"I-580, EXIT 5",Carson City,NV,966,3.699,39.1317191,-119.7466151
70859,FLYERS #732,I-580 & US-50,Carson City,NV,966,3.699,39.1663259,-119.7670374
70870,ESSENTIAL FUELS,US-26,Scottsbluff,NE,795,3.599,41.8732796,-103.6494652
70874,CIRCLE T,SR-6 & SR-515,Navasota,TX,670,3.43233333,30.3885033,-96.0880028
70875,FUEL MAXX #57,SR-105 & SR-146,Liberty,TX,610,3.13233333,30.0856736,-94.7856262
70880,RUTTERS #81,SR-61 & SR-73,Leesport,PA,208,3.89733333,40.4470377,-75.9663222
70883,RUTTERS #41,US-422,Lebanon,PA,70,3.799,40.3262952,-76.5308958
70884,RUTTERS #75,SR-194 & SR-550,Walkersville,MD,70,3.93233333,39.4817659,-77.3507698
70885,KWIK TRIP #1061,CR-CE & CR-HH,Combined Locks,WI,582,3.549,44.2658205,-88.314273
70888,HUTCHS #125,US-283,Altus,OK,483,2.999,34.6506154,-99.3339023
70890,PILOT #1299,US-287 & SR-148,Henrietta,TX,770,3.12566666,33.8166258,-98.194682
70894,QUARLES #4009,US-301,Waldorf,MD,60,3.759,38.4927688,-76.9870185
70896,QUARLES #4200,US-522,Front Royal,VA,60,3.699,38.9185932,-78.18764
70897,QUARLES #4302,SR-801 & SR-42,Broadway,VA,60,3.459,38.6133035,-78.7993257
70902,QUARLES #4309,US-460/29,Lynchburg,VA,185,3.774,37.352973,-79.1733076
70903,QUARLES #4310,US-11,Roanoke,VA,185,3.559,37.2717992,-79.9389283
70905,QUARLES #4401,US-29,Fairfax,VA,60,4.059,38.878856,-77.1842
70913,QUARLES #4412,I-270 EXIT 8,Rockville,MD,60,3.759,39.054297,-77.1534751
70916,TA Express White Hills,US-93,Willow Beach,AZ,910,3.779,35.8697801,-114.6600654
70917,QUARLES #4416,US-13,Salisbury,MD,194,3.659,38.4130546,-75.5672589
70919,QUARLES #4422,US-13,New Castle,DE,243,3.699,39.5528106,-75.6508299
70921,QUARLES #4424,SR-5,Clinton,MD,60,3.899,38.7651145,-76.8983059
70923,QUARLES #4426,SR-124,Gaithersburg,MD,60,3.759,39.1256571,-77.1798638
70925,QUARLES #4430,US-13,Sharon Hill,PA,160,3.869,39.9142058,-75.2653623
70926,QUARLES #4431,US-22,Allentown,PA,90,3.989,40.6189494,-75.454465
70927,QUARLES #4434,SR-617,Springfield,VA,60,4.059,38.7789986,-77.1843629
70929,QUARLES #4503,US-11,Martinsburg,WV,60,3.959,39.4681694,-77.955989
70931,QUARLES #4505,SR-65,Hagerstown,MD,60,3.899,39.63157,-77.7593422
70933,QUARLES #4507,US-11,Winchester,VA,60,3.799,39.1848686,-78.1637318
70937,QUARLES #4603,US-29/211,Warrenton,VA,60,3.799,38.7229509,-77.7814709
70938,QUARLES #4605,SR-606,Sterling,VA,60,3.659,38.9791241,-77.4391426
70939,QUARLES #4606,SR-234,Manassas,VA,60,3.859,38.7259679,-77.5037945
70940,QUARLES #4607,SR-28,Manassas,VA,60,3.859,38.7307502,-77.4802967
70941,QUARLES #4934,US-60,Sandston,VA,180,3.259,37.5213967,-77.3280841
70942,QUARLES #4608,SR-657,Chantilly,VA,60,3.659,38.8681284,-77.4288749
70944,QUARLES #4701,US-15 BUS & US-522,Culpeper,VA,60,3.799,38.4733823,-77.9961275
70945,QUARLES #4944,US-17,Bealeton,VA,60,3.759,38.5817469,-77.7675872
70946,QUARLES #4703,US-29 & SR-616,Ruckersville,VA,180,3.699,38.2299885,-78.3776146
70951,QUARLES #4947,SR-7,Leesburg,VA,60,3.659,39.1154506,-77.5645607
70956,QUARLES #4813,SR-133,Wilmington,NC,245,3.779,34.172524,-77.948847
70958,QUARLES #4951,SR-3,Fredericksburg,VA,60,3.759,38.3001159,-77.4571472
70959,QUARLES #4814,US-117,Wilmington,NC,245,3.799,34.2529187,-77.871436
70965,QUARLES #4822,US-401,Raleigh,NC,177,3.709,35.8237093,-78.5877391
70966,QUARLES #4927,SR-10 & SR-145,Chesterfield,VA,180,3.699,37.3859982,-77.578509
70967,QUARLES #4823,I-95,Fayetteville,NC,63,3.799,35.0059431,-78.8217879
70970,QUARLES #4931,US-60 & SR-603,Powhatan,VA,180,3.699,37.5531622,-77.9112655
70974,QUARLES #4933,US-60,Richmond,VA,180,3.699,37.5063821,-77.4979375
70986,QUARLES #4833,US-1,Youngsville,NC,177,3.699,36.0372457,-78.5003353
70987,QUARLES #4902,US-250/33,Richmond,VA,180,3.699,37.5458877,-77.4420622
70997,QUARLES #4913,SR-76,Midlothian,VA,180,3.699,37.5094382,-77.6794834
71002,QUARLES #4922,US-250,Charlottesville,VA,180,3.899,38.0419755,-78.474102
71004,QUARLES #4924,US-1 & SR-688,Doswell,VA,180,3.699,37.8601402,-77.4641492
71018,KWIK STAR #1076,US-218,Vinton,IA,565,3.199,42.1611309,-92.0377436
71019,KWIK TRIP #489,SR-3,Northfield,MN,448,3.524,44.4582041,-93.161159
71020,Fast Trac 21,SR-21 & CR-50,Caldwell,TX,670,3.299,29.8298971,-97.5959641
71023,LOVES TRAVEL STOP #853,SR-302 & CR-313,Kermit,TX,710,3.25066666,31.8578999,-103.0932149
71024,LOVES TRAVEL STOP #804,US-34/US-67,Monmouth,IL,270,3.449,40.9003056,-90.6485635
71025,KWIK TRIP #644,SR-57 & SR-32,New Holstein,WI,582,3.39066666,43.9499924,-88.0842643
71027,Kwik Star #1068,I-35,Story City,IA,320,2.959,42.1872062,-93.5957713
71032,MAVERIK COUNTRY STORE #416,US-50 & US-95,Fallon,NV,966,3.52566666,39.4745166,-118.777895
71033,MAVERIK COUNTRY STORE #560,I-580 & US-50,Carson City,NV,966,3.589,39.1663259,-119.7670374
71036,GOLDEN GATE PETRO,US-550,Montrose,CO,810,3.43566666,38.4766153,-107.8754404
71039,TURNPIKE MARKET EXPRESS,SR-5,Newton Falls,OH,573,3.259,41.2026557,-80.9814938
71046,SPEEDWAY #9336,US-27/SR-126,Cincinnati,OH,300,3.699,39.2096419,-84.4835847
71050,GILL MART CORNER STORE,US-131 & SR-216,Three Rivers,MI,465,3.699,41.9442722,-85.6346222
71056,SPEEDWAY #1044,US-72 & SR-20,Decatur,AL,615,3.42566666,34.6060203,-86.9838165
71058,KWIK TRIP #1090,SR-19 & SR-21,New Prague,MN,448,3.349,44.5433331,-93.5760445
71059,CIRCLE K #2706781,US-17 & SR-200,Yulee,FL,75,3.34233333,30.627848,-81.5902278
71061,CIRCLE K #2702344,US-78 & SR-39,Williston,SC,135,3.799,33.4022393,-81.42323
71065,MAVERIK COUNTRY STORE #429,US-40 & SR-121,Roosevelt,UT,835,3.439,40.299403,-109.9887605
71074,Speedway #7764,SR-72 & SR-25,Dundee,IL,293,3.279,42.0989145,-88.2714689
71076,Kwik Star #589,US-151,Marion,IA,380,3.524,42.0302617,-91.5503826
71077,COMMUNITY CO OPS LAKE PARK,US-10,Lake Park,MN,341,3.509,46.8770961,-96.099239
71079,DK,SR-375,El Paso,TX,640,2.699,31.7281859,-106.2973398
71080,BIG INDIAN SMOKE SHOP,I-90 & US-20,Irving,NY,38,2.929,42.5675589,-79.1128169
71083,SPRINT FOOD #701,US-78,Augusta,GA,195,3.22566666,33.4282693,-82.1910744
71084,FIESTA MART #42,US-75,Tulsa,OK,560,3.16566666,36.2457295,-95.9368132
71085,Sunoco,SR-49,Greenville,OH,317,3.599,40.1040816,-84.6351437
71086,THORNTONS #318,SR-59 & SR-38,West Chicago,IL,290,3.649,41.8847507,-88.2039607
71088,KARDES,US-151,Monticello,IA,335,3.399,42.2380041,-91.1689643
71090,CEFCO #2076,US-60 & SR-207,Panhandle,TX,585,2.94566666,35.3454637,-101.3806571
71091,BREAK TIME #3163,US-63 & CR-M,Moberly,MO,310,3.46233333,39.4201137,-92.4364298
71094,BP,US-63 & SR-137,Eddyville,IA,320,3.379,41.1561503,-92.6381659
71096,GAS N WASH,US-30 & SR-394,Chicago Heights,IL,365,3.499,41.5062834,-87.6357079
71098,DANDY MINI MART #74,US-6 & SR-187,Wysox,PA,32,3.999,41.7745124,-76.399314
71105,SHEPHERD 700,US-64 & CR-450,Alva,OK,337,3.219,36.8030501,-98.6660278
71116,CEFCO #101,US-59 & SR-49,Jefferson,TX,766,2.899,29.834772,-94.1704496
71120,GAS PRO TRAVEL CENTER,US-25 & SR-56,Waynesboro,GA,135,3.799,33.0898731,-82.0156736
71126,QUIKTRIP #1177,I-77 & US-21,Blythewood,SC,46,3.07566666,34.2143159,-80.973977
71132,CEFCO #104,US-259 & SR-315,Mount Enterprise,TX,618,2.959,31.9179473,-94.6810439
71138,LUMMI BAY MARKET,"I-5, EXIT 260",Bellingham,WA,850,3.759,48.7836439,-122.4984439
71139,GAS N WASH,SR-47 & CR-9,Yorkville,IL,290,3.599,41.6411409,-88.4472948
71142,LOVES TRAVEL STOP #775,US-20 & SR-2,Rockford,IL,520,3.349,42.2713945,-89.093966
71144,CASEYS #3675,US-12 & US-75,Ortonville,MN,250,3.379,45.304687,-96.444779
71146,CASEYS #2968,US-34,Eagle,NE,413,3.239,40.8130685,-96.4285047
71147,CASEYS #3910,US-177 & SR-33,Perkins,OK,560,3.01566666,35.9740886,-97.0337692
71148,CASEYS #1892,US-65,Sheffield,IA,433,3.15233333,42.9031263,-93.202156
71149,KOUNTRY KORNER,SR-20,Mount Pleasant,MI,260,3.619,43.597646,-84.7668495
71151,LOVES TRAVEL STOP #880,US-50 & SR-130,Olney,IL,510,3.289,38.7296538,-88.0846891
71153,KWIK TRIP #1083,SR-35,Osceola,WI,451,3.499,45.3149583,-92.7042254
71154,KWIK TRIP #489,CR-3,DUNDAS,MN,448,3.499,44.4294359,-93.2020856
71162,CIRCLE K #4705694,US-20 & CR-245,Norwalk,OH,305,3.614,41.2424219,-82.6155745
71166,MAVERIK COUNTRY STORE #616,US-50,Montrose,CO,810,3.39566666,38.5102979,-107.9119166
71172,ZIPPY JS #18,CR-577 & CR-80,Brenham,TX,670,3.199,30.1668828,-96.3977442
71186,7-ELEVEN #36837,US-29 & SR-904,Anderson,SC,30,3.089,34.5258335,-82.652962
71187,KWIK TRIP #1041,SR-11 & CR-H,Sturtevant,WI,444,3.794,42.6980749,-87.8945229
71191,MAVERIK COUNTRY STORE #631,I-80/5600 WEST,Salt Lake City,UT,835,3.459,40.7569711,-112.0250368
71193,ASAP GENERAL STORE #308,US-60 & SR-123,Bartlesville,OK,560,3.191,36.7509272,-95.9771779
71196,ASAP GENERAL STORE #302,SR-33 & SR 54,Thomas,OK,483,3.13233333,35.7442157,-98.747584
71208,RACEWAY #6789,US-301 & SR-150,Richmond                                ,VA,180,3.429,37.5385087,-77.43428
71210,RACETRAC #2515,I-820 & BUS-287,Fort Worth,TX,630,2.87733333,32.753177,-97.3327459
71211,KUM & GO #0138,US-67,Jacksonville,AR,695,3.099,34.8640963,-92.112396
71213,KUM & GO #0429,US-62,Rogers,AR,735,3.009,36.3370667,-94.1827603
71215,MAVERIK #5319,SR-392 & SR-257,Windsor,CO,800,3.159,40.4774818,-104.901361
71217,KUM & GO #0185,US-65,Bondurant,IA,320,3.095,41.6698097,-93.4848
71218,KUM & GO #1435,US-65,Fair Grove,MO,535,3.15566666,37.3863061,-93.1586162
71223,SCOOBA JUNCTION,US-45 & SR-16,Scooba                                  ,MS,705,3.21566666,32.8290581,-88.4767398
71230,THE PRIDE OF LAKE COUNTY,US-12 & SR-53,Lake Zurich,IL,290,3.349,42.1969689,-88.0934108
71232,GATEWAY TRAVEL CENTER,US-16 & US-85,Newcastle,WY,822,3.324,43.8547459,-104.2051256
71234,CHEVRON #352305,I-610 & SR-47,Chalmette,LA,725,3.139,29.944196,-89.9644624
71242,LAST STOP TRAVEL CENTER,US-93,Willow Beach,AZ,910,3.49566666,35.8697801,-114.6600654
71251,RUTTERS #91,US-30 & SR-772,Gap,PA,208,4.199,39.989477,-76.0173511
71256,SIGNAL FOOD STORE #120,US-60,Seymour                                 ,MO,535,3.02566666,37.1499538,-92.7537349
71257,FARMERS UNION SOUTHERN VALLEY,US-75 & SR-210,Wahpeton                                ,ND,341,3.499,46.265879,-96.608863
71260,LOVES TRAVEL STOP #881,US HWY 224 & OH 225,Diamond,OH,573,3.45233333,41.0989463,-81.022871
71263,Loves Travel Stop # 660,"I-25, Exit 49",Walsenburg,CO,796,4.249,37.6232776,-104.7628183
71268,MAVERIK COUNTRY STORE #650,SR 85 & W 900 S,West Jordan,UT,835,3.43233333,40.6061337,-111.9395211
71269,Maverik Country Store #652,I-84 & SR 79,Jerome,ID,787,3.394,42.702266,-114.286704
71271,MAVERIK COUNTRY STORE #672,SR-69,Dewey                                   ,AZ,930,3.219,34.5366394,-112.2451765
71275,ALLSUPS CONVENIENCE STORE #2272,US-67/US-84,Bangs,TX,575,2.93233333,31.7175379,-99.1393681
71282,QuikTrip #4128,SR-71,Bastrop,TX,595,2.96566666,30.3441918,-97.3648389
71283,QUIKTRIP #7135,US-17 ,Hardeeville,SC,195,2.999,32.2769595,-81.0811011
71285,Shrees Truck Stop Seattle,SR-509,Seattle,WA,962,3.799,47.5477422,-122.3341618
71295,MOUNTAINEER MART #33,US-33/119,Buckhannon,WV,44,3.899,39.0093968,-80.3383916
71303,KWIK TRIP #1132,SR-21 ,Omro,WI,582,3.37733333,44.0405769,-88.7471171
71309,SUGAR CROSSING CONVENIENCE,US-33 & CR-63,Lancaster,OH,315,3.38233333,39.7136754,-82.5993294
71310,CIRCLE K #2722120,US-441/27,Summerfield,FL,140,3.52566666,28.9962389,-82.0413151
71318,LOVES TRAVEL STOP  #800,SR-83 ,Elk Grove Village,IL,290,3.449,42.0531312,-87.9940753
71321,Kwik Star #1119,US-18 ,Emmetsburg                              ,IA,433,3.449,43.1209536,-94.698759
71322,KWIK TRIP #1101,US-141,Crivitz,WI,582,3.304,45.2177438,-87.9967041
71328,IRVING,US-1  ,Norwood,MA,170,3.694,42.163258,-71.1993113
71330,JORDAN MINI MART,SR- 31 & CR-59,Jordan,NY,220,3.799,43.0653441,-76.4729927
71331,KWIK TRIP #1106,SR-13 & SR-64,Medford,WI,395,3.42233333,45.1391437,-90.3460806
71332,ALLSUPS CONVENIENCE STORE #2308,SR-128 & SR-18,Jal,NM,710,3.129,32.112125,-103.1934615
71334,ALLSUPS CONVENIENCE STORE #2278,SR-302 & SR-18,Kermit,TX,710,3.089,31.8578999,-103.0932149
71336,ALLSUPS CONVENIENCE STORE #2180,US-84 & US-180,Snyder,TX,612,2.98566666,32.7180803,-100.918231
71337,ALLSUPS CONVENIENCE STORE #2229,US-377 & SR-108,Stephenville,TX,630,3.159,32.2201387,-98.2045388
71338,KWIK TRIP #755,US-18 ,Fennimore                               ,WI,335,3.424,42.9883767,-90.6561663
71342,CASEYS #3505,US-212 ,Stewart                                 ,MN,425,3.369,44.720364,-94.4888583
71343,ALLSUPS CONVENIENCE STORE #2014,US-377/US-67,Dublin,TX,630,3.159,32.0803313,-98.3440531
71344,ALLSUPS CONVENIENCE STORE #2061,US-84 & US-380,Post,TX,700,2.944,33.1909246,-101.380662
71345,ALLSUPS CONVENIENCE STORE #2084,US-377 & CR-234,Brownwood,TX,575,2.949,31.7208509,-98.9818701
71346,ALLSUPS CONVENIENCE STORE #2094,US-277 & US-83,Abilene,TX,575,2.889,32.44645,-99.7475905
71348,ALLSUPS CONVENIENCE STORE #2142,US-62/US-180,Hobbs,NM,593,3.38233333,32.6986125,-103.1235231
71349,ALLSUPS CONVENIENCE STORE #2204,SR-115 & CR-201,Wink,TX,710,3.089,31.7534049,-103.15583
71350,ALLSUPS CONVENIENCE STORE #2206,US-385 & SR-176,Andrews,TX,710,3.39233333,32.2690953,-102.6042447
71352,ALLSUPS CONVENIENCE STORE #2223,US-285 & SR-357,Artesia,NM,700,3.399,32.8423345,-104.4032963
71353,ALLSUPS CONVENIENCE STORE #2246,US-84 & SR-268,Melrose,NM,585,3.81233333,34.428325,-103.6271328
71354,ALLSUPS CONVENIENCE STORE #2247,US-377 & SR-16,Comanche,TX,575,3.16233333,31.9130171,-98.527388
71355,ALLSUPS CONVENIENCE STORE #2249,US-377 & US-281 ,Stephenville,TX,630,3.159,32.2201387,-98.2045388
71356,ALLSUPS CONVENIENCE STORE #2266,I-20 & US-285 ,Pecos,TX,710,3.379,30.7857437,-102.8065415
71357,ALLSUPS CONVENIENCE STORE #2279,SR-115 & SR-18,Kermit,TX,710,3.089,31.8578999,-103.0932149
71358,ALLSUPS CONVENIENCE STORE #2285,US-285 & US-62,Carlsbad,NM,593,3.194,32.4257456,-104.237612
71360,ALLSUPS CONVENIENCE STORE #2353,US-76/US-277,San Angelo,TX,612,3.19566666,31.5020514,-100.3854623
71361,ALLSUPS CONVENIENCE STORE #2358,US-277/US-87,Wall,TX,612,3.20566666,31.3742174,-100.3261899
71363,ALLSUPS CONVENIENCE STORE #2360,FM-988 & FM-8,Stephenville,TX,630,3.159,32.2201387,-98.2045388
71364,QUICK FUEL #3188,I-75 ,Sidney,OH,317,3.33233333,40.2769603,-84.1834691
71368,Kwik Star #1071,I-280 E and US-61 N,Davenport,IA,270,3.324,41.5224692,-90.5756401
71370,MAVERIK COUNTRY STORE #645,"I-40, Exit 16",Gallup,NM,580,3.159,35.5124723,-108.8210105
71371,BREAK TIME #3167,US-65 & HWY-HH,Sedalia,MO,310,3.294,38.7098314,-93.2295515
71372,Simonson Station,US-71 & SR-34,Park Rapids,MN,458,3.599,46.9221813,-95.0586322
71376,7-ELEVEN #41127,SR-29,Labelle,FL,95,3.559,26.7694046,-81.4374186
71381,KWIK TRIP #1112,US-63 & SR-77,Hayward,WI,295,3.639,46.0129676,-91.4848728
71383,Caseys #3940,I-69 & SR 4,Ashley,IN,465,3.59733333,41.5272725,-85.0655232
71384,CASEYS #3944,I-29 & CR-106,Tea,SD,530,3.199,43.44661,-96.836034
71385,CASEYS #3907,I-675 & SR-235,Fairborn,OH,411,3.679,39.8208998,-84.0193858
71386,CASEYS #3952,SR-1 & SR-9,Hoopeston,IL,368,3.249,40.4672587,-87.6683573
71388,CASEYS #3850,US HWY 77 ,Wahoo,NE,319,3.174,41.2333629,-96.6027863
71392,Loves Travel Stop #834,SR 17 & SR 1,Grant Park,IL,290,3.329,41.2454168,-87.6425237
71393,CASEYS #3303,HWY 15 AND HWY 55,Kimball,MN,451,3.199,45.3124811,-94.300266
71395,KWIK TRIP #340,US-18 & SR-23,Dodgeville,WI,420,3.489,42.9600059,-90.1304461
71402,FIREBIRD FUEL #6196,US-60 & SR-303,Surprise,AZ,930,3.383,33.629247,-112.3681428
71412,FLYERS #3215,SR 87,Chandler,AZ,930,3.35233333,33.2405851,-111.841299
71430,QUIKTRIP #7144, US-31W,Goodlettsville,TN,460,2.91566666,36.3180214,-86.7131943
71438,LOVES TRAVEL STOP #893,US-80 & SR-307,Savannah,GA,195,3.289,32.0790074,-81.0921335
71441,MAVERIK COUNTRY STORE #678,US-191,Vernal,UT,835,3.44233333,40.4443383,-109.558363
71443,LOVES TRAVEL STOP #810,US-33 & SR-540,Bellefontaine,OH,411,3.35233333,40.3611643,-83.7596557
71449,MAVERIK COUNTRY STORE #628,I-15 & CR-215,Las Vegas                               ,NV,910,3.35566666,36.1674263,-115.1484131
71452,ALLSUPS CONVENIENCE STORE #2016,SR-214 & SR-114,Morton,TX,700,3.399,33.725154,-102.759394
71453,ALLSUPS CONVENIENCE STORE #2025,US-285,Roswell,NM,593,3.28566666,33.3660983,-104.5137964
71454,ALLSUPS CONVENIENCE STORE #2036,SR-18,Hobbs,NM,593,3.399,32.7027017,-103.1355302
71455,ALLSUPS CONVENIENCE STORE #2043,US-62,Idalou,TX,700,2.96566666,33.6659787,-101.6858578
71457,ALLSUPS CONVENIENCE STORE #2075,US-70 & SR-6,Crowell,TX,770,3.199,33.9872886,-99.7225904
71458,ALLSUPS CONVENIENCE STORE #2082,SR-70,Spur,TX,700,3.199,32.7080899,-97.1169049
71461,ALLSUPS CONVENIENCE STORE #2111,US-87 & ,Texline,TX,585,2.96566666,36.3749751,-103.0201685
71462,ALLSUPS CONVENIENCE STORE #2138,CR-61,Hobbs,NM,593,3.38233333,32.7272546,-103.1448622
71463,ALLSUPS CONVENIENCE STORE #2146,SR-18,Hobbs,NM,593,3.21233333,32.7027017,-103.1355302
71464,ALLSUPS CONVENIENCE STORE #2153,US-277,Haskell,TX,575,3.539,33.1613357,-99.7280116
71465,ALLSUPS CONVENIENCE STORE #2173,US-20,Sweetwater,TX,575,2.84566666,32.4709519,-100.405938
71466,ALLSUPS CONVENIENCE STORE #2185,US-380 & 9TH ST,Aspermont,TX,575,3.36566666,33.1382394,-100.228715
71467,ALLSUPS CONVENIENCE STORE #2192,SR-86 & SR-207,Silverton,TX,585,3.159,34.4713299,-101.304654
71468,ALLSUPS CONVENIENCE STORE #2212,SR-6,Stamford,TX,575,3.129,32.944882,-99.802453
71471,ALLSUPS CONVENIENCE STORE #2269,SR-524 & CR-658 ,Carlsbad,NM,593,3.249,32.4257456,-104.237612
71472,ALLSUPS CONVENIENCE STORE #2276,HWY 84 & CR-466,Hermleigh,TX,612,2.97233333,32.6354615,-100.7591342
71473,ALLSUPS CONVENIENCE STORE #2378,US-BUS 287 & SR-25,Electra,TX,770,2.999,34.0320855,-98.9163686
71474,PILOT #1292,US-290 & SR-21,Paige,TX,765,3.499,30.2116519,-97.1132832
71476,KWIK TRIP #493,US HWY 12,Whitewater,WI,420,3.499,42.8208885,-88.7502324
71479,RACETRAC #118,I-575 & SR-15,Jasper                                  ,GA,193,3.309,33.3254635,-83.6868559
71480,Loves Travel Stop #836,US-87,Dalhart,TX,585,3.43566666,36.0599191,-102.5138875
71485,Circle K #2709088,US-521 & SR-9,Lancaster,SC,46,3.299,34.6628067,-80.700546
71493,NEW TRAVEL PLAZA,I-20 EXIT 86,Ruston,LA,590,3.06566666,32.540382,-92.6279991
71496,SPEEDWAY/7fleet #1052,US-30 & SR-57,Orrville,OH,249,3.499,40.8436664,-81.7640212
71498,KWIK TRIP #1143,US HWY 45,Antigo,WI,395,3.50733333,45.2015771,-89.1446936
71505,KWIK TRIP #1029,I-43 & SR-20,East Troy,WI,444,3.174,42.7851871,-88.4054374
71509,MAPLEFIELDS IRVING,I-91 & US-2,Saint Johnsbury,VT,39,3.599,44.419494,-72.0156532
71518,SPEEDWAY/7Fleet #9305,SR-18 & SR-1,Forrest City,AR,460,3.174,35.0081474,-90.7898342
71519,SPEEDWAY #1506,US-231 & SR-271,Montgomery,AL,720,3.04233333,32.3777111,-86.3090775
71521,KWIK TRIP #1065,US-12 & SR-89,Whitewater,WI,420,3.424,42.8339562,-88.7306517
71522,Y NOT STOP BARBER SPUR,SR-10 & SR-13,Ville Platte,LA,730,3.499,30.6901838,-92.2774771
71527,D & C FUEL EAST,US-6/SR-92,Tunkhannock,PA,200,3.699,41.5683115,-75.8792723
71534,GOLDEN GATE - YERINGTON,SR-339 & US-95 ALT,Yerington,NV,966,3.71566666,38.9855429,-119.162989
71542,CIRCLE K #2706625,US-85,Eaton,CO,795,3.399,40.5177659,-104.7068776
71557,MUSKOGEE TRAVEL PLAZA,US-69,Muskogee,OK,560,3.01566666,35.8076769,-95.4022964
71558,ALLSUPS #2384,US-60,Friona,TX,585,2.994,34.6342881,-102.7385749
71559,ALLSUPS CONVENIENCE STORE #2228,US-83 & CR-613,Tuscola,TX,575,2.91733333,32.2079942,-99.7961319
71563,Kwik Star #1081,SR-9 ,Decorah,IA,515,3.579,43.3041609,-91.7859098
71564,GRAB N GO,SR-200 & SR-22,Killdeer,ND,273,3.549,47.3719437,-102.7539105
71566,Mankato Travel Center,US HWY 14 & SR 22,Mankato,MN,425,3.499,44.1658533,-94.0028013
71568,QUIKTRIP #294,I-35 ,Gardner,KS,485,2.999,38.7968418,-94.906357
71570,STEELE 66 TRUCK PLAZA,Hwy O & CR-425,Steele,MO,418,3.399,36.0839594,-89.8292512
71571,RACETRAC #2587,I-75 & US-98,Brooksville                             ,FL,140,3.299,28.5552719,-82.3878709
71572,7-ELEVEN #41525,US-460 & SR-630,Disputanta,VA,180,2.999,37.1237095,-77.2241782
71573,RACETRAC #2588,I-4 & US-301,Tampa,FL,225,3.299,27.9449854,-82.4583107
71574,RACETRAC #2594,US-441 ,Dublin,GA,85,2.999,32.5346273,-82.9073469
71577,TOOT N TOTUM #130,US-87 & Dorsey Rd,Clayton,NM,585,3.199,36.4382707,-103.1697391
71579,KWIK TRIP #1138,SR 28,Sheboygan,WI,444,3.24233333,43.849074,-88.0471606
71582,LOVES TRAVEL STOP #847,US-601 & SR-207,Pageland,SC,46,3.38566666,34.7719578,-80.3914661
71586,ALLTOWN FRESH,US-9 & SR-23,Livingston,NY,12,3.699,42.7360902,-77.7781416
71592,THE WOODSHED,US-59 & SR-10,Welch                                   ,OK,307,3.099,36.8745952,-95.0937744
71594,BP,US-20 & SR13,Middlebury,IN,465,3.799,41.6574314,-85.7119085
71595,Hucks Market #100,US-36,Hannibal                                ,MO,494,3.13233333,39.7145732,-91.403792
71596,ALLSUPS #2379,US-70/US-380,Tinnie,NM,700,3.359,33.3685809,-105.2058835
71597,Allsups #2380,US-84,Sudan,TX,700,3.199,34.0677963,-102.5247438
71603,FLYERS #3223,US-70/191,Safford,AZ,980,3.86233333,32.834162,-109.7053628
71605,Allsups Convenience Store #2377,US-70 & US-54,Alamogordo,NM,640,3.06233333,32.8998822,-105.9602081
71606,Allsups #2396,HWY 62 82 179,Wolfforth,TX,700,2.91566666,33.4984556,-102.0273027
71609,QUIKTRIP #73,"US-75, US 62",Henryetta,OK,560,3.02566666,35.4324127,-95.9749521
71610,FRIENDLY GUS #25,US-80 & SR-338,Dudley                                  ,GA,85,3.83233333,32.5423872,-83.0704273
71617,CIRCLE K #2709087,US-98/US-19,Chiefland,FL,75,3.58233333,29.5109065,-82.8758596
71622,Circle K #2706628,SR-193 & SR-163 ,Theodore,AL,715,3.39233333,30.5463684,-88.2023937
71623,Circle K #2706637,US-43,Grove Hill,AL,715,3.719,31.7206435,-87.778147
71625,MAVERIK COUNTRY STORE #679,US-160/285 & SR-17,Alamosa,CO,803,3.349,37.4717447,-105.8588767
71629,KWIK TRIP #1139,SR-95 & SR-65,Cambridge,MN,451,3.399,45.5727408,-93.2243921
71631,RACEWAY #6891,SR-20 & SR-67,Decatur                                 ,AL,615,3.099,34.6060203,-86.9838165
71632,Loves Travel Stop #819,SR-21 & SR-275,Rincon,GA,195,3.33066666,32.2960289,-81.2353905
71635,Racetrac #2610,US-231,Murfreesboro,TN,460,3.049,35.8104937,-86.3969561
71636,RACETRAC #2580,US-41 & SR-268,Murfreesboro,TN,460,3.03233333,35.8460396,-86.3921096
71640,RACETRAC #2544,SR-81 & SR-316,Bethlehem,GA,16,3.31233333,33.9328842,-83.7129958
71641,76,I-17,Phoenix,AZ,930,3.23233333,33.4286447,-112.0760964
71648,QUIKTRIP #7149,I-24 Exit 8,Clarksville,TN,460,2.91566666,36.6303845,-87.3168149
71649,Allsups Convenience Store #2385,US-183 & US-180,Breckenridge,TX,575,3.30733333,32.7554791,-98.9026798
71650,ALLSUPS CONVENIENCE STORE #2405,SR-208 & SR-158,Robert Lee,TX,612,3.26566666,31.8952852,-100.483126
71652,CIRCLE K #4705575,SR-261,Akron,OH,249,3.769,41.0914449,-81.5129028
71653,MAVERIK COUNTRY STORE #701,US-160,Durango,CO,614,3.299,37.2462096,-107.8739987
71655,79 ONE STOP,SR-62 & SR-37,Saint Croix                             ,IN,415,3.499,38.2239531,-86.5863387
71656,CASEYS #3268,US-59 & SR-119,Appleton,MN,522,3.44566666,45.196906,-96.019767
71663,Allsups #2388,I-27 & SR-217,Canyon,TX,585,2.90066666,34.9789849,-101.9281915
71664,RUTTERS #95,SR-9,Martinsburg,WV,22,3.999,39.4562528,-77.9639604
71668,7-ELEVEN #41572,I-77 & US-70,Statesville,NC,46,2.859,35.7827676,-80.8873574
71672,7-ELEVEN #41573,US-67,Glen Rose,TX,765,3.589,32.2410283,-97.7517611
71674,Kwik Trip #1177,SR-65,Cambridge,MN,451,3.424,45.5628513,-93.2229698
71676,CIRCLE K #4702409,US-52,Lafayette,IN,375,3.15733333,40.3823854,-86.8432157
71680,Alexs Shelby Truck Stop,US HWY 278 & SR 32,Shelby,MS,655,3.199,33.9509439,-90.7678781
71681,WASPYS TRUCK STOP,US-71,Audubon,IA,319,3.31566666,41.7252763,-94.9372087
71683,GAS N WASH,US HWY 6,Joliet,IL,365,3.799,41.5475812,-88.0104219
71685,ON THE ROAD 110,US-59,Diboll,TX,618,3.199,31.1728328,-94.7715093
71691,ALLSUPS #2399,US-287 & SR-207,Claude,TX,585,2.929,35.1081103,-101.362741
71695,KWIK TRIP #1126,US-14/US-61,La Crosse,WI,444,3.384,43.7737526,-91.2184696
71698,Kwik Star #1142,hwy 6,Iowa City                               ,IA,380,3.134,41.6472977,-91.5398584
71702,SHOP AND SAVE,US-220 & CR-734,Ridgeway                                ,VA,65,3.909,36.5768047,-79.8583721
71707,QUARLES #4437,US HWY 30,Lancaster,PA,208,3.999,39.9943389,-76.0359067
71714,RACETRAC #2576,SR-997 & SR-994,Miami,FL,95,3.28733333,25.7741566,-80.1935973
71715,Allsups Convenience Store #2401,US-87,San Angelo,TX,612,3.19566666,31.4238394,-100.4160415
71716,Allsups #2404,US-62,Carlsbad,NM,593,3.194,32.414124,-104.2290221
71717,Kwik Trip #1199,US-14 ,Darien                                  ,WI,345,3.199,42.6023888,-88.7140137
71718,KWIK STAR #1158,US-30,Ames,IA,320,3.174,42.0227971,-93.6219608
71721,HUCKS FOOD & FUEL #314,US-50/150,Washington,IN,510,3.46233333,38.6523431,-87.1342158
71722,MAVERIK #5392,FM-16,Keenesburg,CO,800,3.154,40.1081705,-104.519701
71723,ALLSUPS CONVENIENCE #2398,SR-70,Pampa,TX,585,3.079,35.5378292,-100.9715212
71724,ALLSUPS CONVENIENCE #2403,US-180,Mineral Wells,TX,630,3.00566666,32.803621,-98.1454163
71725,Allsups Convenience Store #2406,US-67,Rankin,TX,710,3.499,31.2200003,-101.9441695
71726,Kwik Trip #1152,US HWY 169,Saint Peter,MN,425,3.724,44.3232658,-93.9578151
71735,Loves Travel Stop #811,US-395,Pasco,WA,925,4.589,46.2249366,-119.1358328
71771,BREAK TIME #3170,SR-13 & HWY-T,Bolivar,MO,535,3.374,37.6136916,-93.4107968
71772,Kwik Trip #1137,US-8,Saint Croix Falls                       ,WI,451,3.524,45.3976163,-92.6097464
71774,CASEYS #4292,1020 5TH ST ,Carrollton                              ,IL,574,3.289,39.2906734,-90.4069675
71775,Caseys #3950,US-270 & US-54,Liberal,KS,525,3.319,37.0398062,-100.9222517
71784,7-ELEVEN #41750,I-4 & SR-33,Lakeland,FL,225,3.289,28.0394654,-81.9498042
71785,7-ELEVEN #41266,I-81 & SR-924,Hazleton,PA,200,3.839,40.9548956,-75.9769572
71787,PUMP & PANTRY #55,US-159 & US-73,Falls City,NE,486,3.239,40.0608106,-95.6018932
71792,KWIK TRIP #1147,US-71 & SR-60,Windom                                  ,MN,425,3.349,43.8663464,-95.1169366
71794,KWIK TRIP #1174,US-51 & US-2,Ironwood,MI,334,3.479,46.4555673,-90.1684371
71805,RACETRAC #2583,I-24E,La Vergne,TN,460,2.899,35.9877862,-86.5846717
71806,RACETRAC #2600,SR-70,Okeechobee,FL,140,3.299,27.2436776,-80.8234317
71808,WEIGELS #100,SR 153,Chattanooga,TN,405,3.01566666,35.1190382,-85.2356642
71811,7-ELEVEN #41826,SR-722 & SR-283,Lancaster,PA,70,4.129,40.0379958,-76.3056707
71812,KWIK TRIP #1198,I-43 & Hwy AA,Oostburg,WI,444,3.24233333,43.6231131,-87.7983447
71813,Kweik Star #1156,SR-150 & SR-3,Oelwein,IA,565,3.58233333,42.6778743,-91.9145143
71814,TEX-BEST #531,US-90,Uvalde,TX,740,2.874,29.2127622,-99.7765339
71817,KWIK TRIP #1128,US-12,Altoona,WI,295,3.33233333,44.7954128,-91.4504285
71824,QuikTrip #4052,US 181 S,San Antonio,TX,740,2.92233333,29.3255179,-98.4296298
71826,KWIK TRIP #1183,US-2,Bessemer                                ,MI,334,3.159,46.4812862,-90.0209913
71827,KWIK TRIP #1188,US-12,Cokato,MN,451,3.474,45.0800016,-94.1866163
71832,SHEETZ #753,SR 3,Seville,OH,249,3.08233333,41.0101095,-81.863416
71833,Circle K #2706636,US HWY 43,Jackson,AL,715,3.899,34.4937016,-87.7276802
71835,CUZZS TRAVEL DEPOT,US 43 N,Thomasville,AL,715,3.599,31.8638179,-87.7468379
71839,RUTTERS #92,US-222 & SR-737,Kutztown,PA,90,3.699,40.5173165,-75.7774177
71841,Quick Fuel #3193,US-69,Kansas City,KS,400,3.34566666,39.0681106,-94.6140487
71844,HD EXPRESS MART,US 20,Clyde,OH,550,3.379,41.3044287,-82.9544194
71845,ALLSUPS #2424,US 180,Millsap,TX,630,2.984,32.7471112,-98.0112485
71852,KWIK TRIP #1164,US-63,Spooner,WI,295,3.599,45.8579963,-91.8505586
71859,ALLSUPS #2415,SR 6,Meridian,TX,765,2.96566666,31.9247314,-97.6561096
71862,Loves Travel Stop #863,I-90 & SR-528,Madison,OH,305,3.849,39.8868227,-83.3937233
71866,RACETRAC #2615,"I-65, EXIT 128",Louisville,KY,415,2.919,38.1859027,-85.7429972
71867,HOLIDAY STATIONSTORE #2653855,US-12,Aberdeen,SD,530,3.10733333,45.459455,-98.5031967
71868,RACETRAC #2456,SR-44 & CR-491,Lecanto,FL,140,3.31566666,28.8516486,-82.4875982
71870,Circle K #2706479,US-280,Sylacauga,AL,615,3.799,33.1440815,-86.2569313
71871,KWIK TRIP #1133,US-10 & SR-85,Durand,WI,295,3.43066666,44.6283703,-91.9676627
71874,Rutters #85,I-76 & US-30,Bedford,PA,14,4.099,40.0271453,-78.5237447
71875,LOVES TRAVEL STOP #615,US-59 & US-79,Carthage,TX,618,3.10233333,32.1570412,-94.338114
71878,LOVES TRAVEL STOP #872,SR-78 & CR-27,Lancaster,OH,315,3.27566666,39.7136754,-82.5993294
71879,Gas N Wash Schoolhouse,FM-74,New Lenox,IL,399,3.699,41.5135327,-87.9573405
71886,QUIKTRIP #7136,US-17,Brunswick,GA,195,3.074,31.1681333,-81.4748343
71887,SHELL,I-80 & SR-63,Greenwood                               ,NE,413,3.399,40.962791,-96.4403478
71888,KJS ALPINE,US HWY 26,Alpine,WY,825,3.799,43.164783,-111.0186283
71889,Payson Cardlock,SR 260 & SR 87,Payson,AZ,930,3.709,34.2406479,-111.323026
71892,Tropic Fleet Bradenton Cardlock,US 301,Bradenton,FL,225,3.499,27.4965964,-82.5630943
71893,Tropic Fleet Rechtien Cardlock,SR-934,Miami,FL,95,3.471,25.8479287,-80.1704147
71894,Majors 663 Nacogdoches Truck Plaza,US-259 & US-59,Nacogdoches,TX,618,3.029,31.5970503,-94.5927451
71902,MURPHY EXPRESS #8928,FM-1472,Laredo,TX,693,2.84566666,27.6088557,-99.5202285
71903,ALLSUPS #2412,SR 199 W,Springtown,TX,630,2.919,32.9738269,-97.6808728
71911,MAVERIK COUNTRY STORE #706,SR-10,Castle Dale,UT,835,3.439,39.2117417,-111.0147113
71912,FUEL CITY WYLIE,SR-78,Wylie,TX,630,2.96566666,33.002486,-96.553205
71913,Circle K #4702456,I-69,Martinsville,IN,375,3.599,39.405921,-86.4347353
71914,HUCKS FOOD & Fuel #309,I-169 Exit 8,Hopkinsville,KY,490,3.474,36.8219635,-87.4801428
71923,SHEETZ #740,US-23  & SR-752,Ashville,OH,315,3.10233333,39.7156186,-82.9529584
71927,Allsups Convenience #2420,US 283,Altus,OK,770,2.979,34.6404829,-99.3339272
71929,STUCKEYS TRAVEL CENTER,I-10 & FM-365,Beaumont,TX,610,2.824,30.0829344,-94.0984277
71932,MCCLURE OIL #60,US 35,Logansport,IN,370,3.799,40.7301252,-86.3663648
71933,RHODES CONVENIENCE STORES,US-62,Sikeston                                ,MO,275,3.35066666,36.8832476,-89.5652453
71934,SHEETZ #759,I-71 & SR-734,Jeffersonville,OH,315,3.06566666,39.6536719,-83.5638094
71937,KWIK TRIP #1173,CR-10,Waconia,MN,451,3.60733333,44.8431852,-93.8188328
71942,BYRNE DAIRY #135,I-81 & SR-481,Liverpool,NY,220,4.199,43.106456,-76.217705
71946,Allsups #102450,US-87,Eden                                    ,TX,739,3.179,31.216352,-99.846552
71948,19 AND 75 FILLING STATION,US-75 & SR-19,Ivanhoe                                 ,MN,432,3.394,44.463229,-96.247372
71949,24 STORE SHELBY,SR-61,Shelby,OH,249,3.499,40.9071743,-82.6590305
71950,77/36 DUCHESS,I-77 & US-36,Newcomerstown,OH,542,3.299,40.2722923,-81.6059541
71951,7-ELEVEN #39448,I-81 & SR-682,Mount Crawford,VA,185,3.31566666,38.3564677,-78.9418566
71953,ALEX'S TRUCK STOP,US-61,Tunica,MS,435,3.299,34.6945362,-90.375728
71957,B&M Quickstop,SR-8,Mineral Point                           ,MO,540,3.699,37.9447722,-90.7242964
71958,BELL STORES,I-77 & CR-80,Dover,OH,249,3.399,40.5213381,-81.4741475
71960,BELL STORES #1159,US-30 & CR-144,Wooster,OH,249,3.659,40.7980976,-81.9397733
71961,BELL STORES #54,US-250 & SR-241,Mount Eaton,OH,249,3.499,40.6945024,-81.7031847
71962,BELLSTORES,SR-598,Galion,OH,315,3.499,40.7413446,-82.8001997
71965,CIRCLE K #2709989,US-167 & CR-405,Sheridan,AR,695,3.599,34.3100971,-92.4013484
71966,BLACK DIAMOND TRAVEL CENTER,I-26 & SR-173,Unicoi,TN,405,3.40233333,36.1072175,-82.444068
71967,BLOC STOP TRAVEL CENTER,US-19 & SR-133,ALBANY,GA,10,3.799,31.5782062,-84.1556809
71968,BLONDIES FOOD AND FUEL,US-90 & SR-69,Grand Ridge                             ,FL,20,3.59066666,30.7124146,-85.0202017
71969,BORDERVIEW GROCERY,US-11 & CR-19,Champlain,NY,39,3.799,44.986656,-73.446693
71973,SHEETZ #703,I-40 & US-70,Garner,NC,177,2.859,35.7112642,-78.6141709
71975,BP,I-81 & SR-177,Christiansburg,VA,185,3.799,37.1298517,-80.4089389
71977,BP,SR-47,Sugar Grove                             ,IL,296,3.599,41.7930868,-88.381923
71978,BP,I-29 & US-34,Pacific Junction,IA,319,3.399,41.0186897,-95.8003095
71979,KENT KWIK #219,SR-338,Odessa,TX,710,3.00733333,31.9101342,-102.2860008
71980,KENT KWIK #433,US-87,San Angelo,TX,739,3.13233333,31.4238394,-100.4160415
71981,SHEETZ #488,US-13 & US-264,Greenville                              ,NC,205,2.899,35.613224,-77.3724593
71982,MAVERIK COUNTRY STORE #665,SR-201,Magna,UT,835,3.399,40.7186849,-112.0664739
71984,BP,I-43 & SR-11,Elkhorn,WI,420,3.149,42.6719206,-88.543494
71985,Brew #12,US-20 & SR-31,Correctionville,IA,527,3.559,42.4749887,-95.785565
71988,C AND W GLOBAL,SR-429 & SR-438,Winter Garden                           ,FL,140,3.074,28.5656649,-81.5856742
71990,Allsups #2418,US-84,Snyder,TX,612,2.97233333,32.7114755,-100.873313
71991,TA Express Fairview #943,US 36,Fairview,KS,570,3.299,39.8412106,-95.7282428
71992,7-ELEVEN #41263,US-13,Bridgeville,DE,243,3.399,38.703838,-75.5888219
71994,7-ELEVEN #42058,SR-572,Lakeland,FL,225,3.48233333,27.9966662,-82.0019108
71997,7-ELEVEN #41287,SR-29,Immokalee,FL,64,3.679,26.4008559,-81.3890679
72000,7-ELEVEN #41309,US-41,Nokomis,FL,225,3.379,27.1171055,-82.4503409
72004,7-ELEVEN #41578,US-13,Seaford,DE,243,3.359,38.6513472,-75.5944188
72006,CIRCLE K #4707123,SR-2,Canaan,ME,26,3.759,44.7630602,-69.5596522
72008,CASHS #4469,US-278 & US-63,Warren,AR,635,3.499,33.6126086,-92.0645831
72011,CEFCO #107,US 190,Lampasas,TX,595,2.899,31.0697098,-98.1845711
72012,CEFCO #108,US-77,Waco,TX,765,2.99233333,31.5696961,-97.1166168
72013,CEFCO #1081,US-59,Queen City,TX,723,3.024,33.1426082,-94.1606195
72014,CEFCO #1086,US-259,Longview,TX,766,2.959,32.4801351,-94.7670539
72015,CEFCO #1096,US-82,Paris,TX,723,2.96566666,33.6737081,-95.5206253
72016,Cefco #11,US-84,Waco,TX,765,2.99566666,31.5557388,-97.1424228
72017,CEFCO #1102,SR-24 & SR-286,Paris,TX,723,2.96566666,33.6617962,-95.555513
72018,CEFCO #2071,US-377 & FM-381,Early,TX,739,2.92566666,31.742096,-98.9456052
72019,CEFCO #2081,US-84,Post,TX,700,2.94233333,33.179586,-101.3754131
72020,CEFCO #2082,SR-206 & SR-36,Cross Plains,TX,575,3.159,32.1262459,-99.1654444
72021,CEFCO #30,US-77 & SR-320,Lott,TX,765,3.011,31.2061063,-97.0326706
72022,CEFCO #65,US-84 & FM-116,Gatesville,TX,765,2.96566666,31.4351645,-97.743911
72024,CENEX,US-2 ,Stanley                                 ,ND,452,3.58233333,48.3080931,-102.3688511
72025,CENEX,US-2 ,Devils Lake                             ,ND,355,3.24066666,48.0991413,-98.8390269
72028,CENEX,US-52 & SR-15,Fessenden                               ,ND,390,3.531,47.649168,-99.629289
72030,CENEX,I-90 & SR-51,Gillette                                ,WY,822,3.489,44.290635,-105.501876
72034,CHARLIES MARKET,SR-172,Salt Lake City,UT,835,3.459,40.7665978,-112.0249587
72038,CHEVRON,I-55 & SR-570,McComb                                  ,MS,759,3.28233333,31.2435782,-90.4535887
72039,CHEVRON,SR-20 & SR-65,Hosford,FL,145,3.299,30.386585,-84.7979694
72041,CHEVRON,SR-20 & SR-71,Blountstown                             ,FL,145,3.299,30.4435293,-85.0451953
72045,MAVERIK COUNTRY STORE #710,US-6,Helper,UT,835,3.44566666,39.6865744,-110.8564777
72046,CHEVRON DBA ONE9 #1429,US-30 & US-95,Fruitland                               ,ID,785,3.349,44.0088935,-116.916414
72054,CHEVRON,US-45,Guntown,MS,742,3.299,34.4423405,-88.6757259
72060,CHEVRON FOOD MART #20,US-45 & SR-16,Scooba,MS,705,3.199,32.8290581,-88.4767398
72063,CIRCLE K #2655785,US-301,Upper Marlboro,MD,60,3.999,38.8206928,-76.7365884
72066,CIRCLE K #2741094,SR-46 ,Seguin,TX,740,2.959,29.564816,-97.9429057
72067,CIRCLE K #2741822,US-90 & FM-471,Castroville,TX,740,2.91233333,29.3565001,-98.8788844
72072,PARKERS #92,SR 17,Guyton,GA,195,2.999,32.3363045,-81.3914992
72073,CIRCLE K #2723791,I-85 & SR-54,Graham,NC,65,3.609,35.359542,-83.8337785
72077,COLDWATER TRAVEL CENTER,I-55 & SR-306,Coldwater,MS,435,3.099,34.6917684,-89.9773124
72080,Corner Store,US-180/62,Seminole,TX,710,3.129,32.7186427,-102.6405279
72081,STRIPES #2146,US-181 & SR-361,Ingleside                               ,TX,625,3.299,27.876615,-97.2098831
72082,COUNTRYMARK,SR-124,Bluffton                                ,IN,370,3.76566666,40.7500364,-85.1683916
72084,DANDY MINI MART #60,US-6 & SR-14,Troy,PA,31,3.999,41.7861639,-76.7873891
72087,DELTA,US-9,Jersey City                             ,NJ,115,3.239,40.7482989,-74.0610697
72090,DOMINO #128,US-81 & SR-66,El Reno,OK,483,3.199,35.532198,-97.9550578
72091,DUCK THRU FOOD STORE #54,US-64,Columbia,NC,470,3.523,35.9187219,-76.2378255
72097,EXPRESSWAY SERVICE STATION,US-287 & SR-25,Electra,TX,770,2.999,34.0320855,-98.9163686
72101,EXXON,US-24,Redford                                 ,MI,325,3.699,42.3783606,-83.2753019
72105,LOVES TRAVEL STOP #171,SR-375 & SR-31,McAlester,OK,560,3.43733333,34.9334981,-95.7697934
72106,Loves Country Store #118,US-77 & SR-29,Wynnewood,OK,569,2.989,34.6434171,-97.1644656
72108,FARMERS UNION OIL OF CARPIO,US-52 & SR-28,Carpio                                  ,ND,452,3.384,48.442517,-101.714606
72110,FAST STOP,US-84 & CR-1800,Lubbock,TX,700,2.999,33.4687513,-101.939572
72112,Flyers #3219,US-60,Claypool,AZ,930,3.849,33.4072839,-110.8550211
72113,Food N Fuel,US-6 & CR-4,New Lenox                               ,IL,296,3.399,41.5119761,-87.9656098
72115,FRIENDSHIP FOOD & FUEL,SR-15 & CR-244,Ecru                                    ,MS,576,3.799,34.3531595,-89.0231192
72116,FRIENDSHIP FOOD MART #90,I-90 & SR-57,Elyria,OH,305,3.779,41.3673191,-82.1073583
72118,GAS N WASH,I-355 & SR-7,HOMER GLEN,IL,296,3.599,41.6000318,-87.9381112
72120,GAS PRO TRAVEL CENTER,US-301/25,Statesboro,GA,195,3.129,32.4496525,-81.783633
72122,KWIK TRIP #1115,US-63 & US-8,Turtle Lake,WI,295,3.65566666,45.3938003,-92.1423009
72124,GET GO #3016,I-376 & SR-18,Monaca,PA,96,5.499,40.6872885,-80.2714505
72125,GETGO #7520,I-65 & US-31,Edinburgh,IN,375,3.359,39.3542176,-85.9666577
72126,GETGO #7526,I-69 & SR-332,Yorktown,IN,457,3.343,40.1736547,-85.4941396
72128,GETGO #7545,I-65 & SR-400,Whitestown,IN,375,3.30233333,39.9972626,-86.3458296
72130,GILBERTS SHELL,SR-72 & CR-59,Gilberts,IL,290,3.279,42.1034365,-88.3745145
72139,HOLMES EXPRESS,US-78 & SR-175,Memphis,TN,435,3.399,35.146026,-90.0517786
72143,Caseys #4023,US 36 & US 183,Phillipsburg                            ,KS,357,3.29233333,39.756121,-99.323985
72144,HUCKS FOOD & FUEL #397,US-68 & SR-432,Bowling Green,KY,487,3.499,36.9929203,-86.4428677
72145,JP ZEBULON,US-19,Zebulon,GA,67,3.135,33.0971013,-84.3429359
72149,IVOR MART,US-460,Hopewell,VA,180,3.699,37.3043154,-77.2872001
72150,J AND R MARKET,SR-105 & SR-326,Sour Lake                               ,TX,610,3.159,30.1402122,-94.4110239
72153,Jet Food Store,SR-15 & SR-46,Soperton,GA,85,3.41566666,32.3771182,-82.5923554
72154,JET FOOD STORE #93,US-280 & SR-135,Vidalia,GA,195,3.43233333,32.2176855,-82.4134614
72155,JIFFY TRIP #142,US-77,Newkirk                                 ,OK,500,3.059,36.880445,-97.0536215
72156,JORDANS KWIK STOP #5,US-412,Portia,AR,418,3.37566666,36.0861236,-91.0659784
72157,JORDANS KWIK STOP #52,US-67 & SR-304,Pocahontas,AR,418,3.31233333,36.2612154,-90.9711021
72160,KENJO MARKET #52,US-321,Maryville,TN,405,3.249,35.7557787,-83.9366816
72162,Krazy K's,US-45,Buckatunna                              ,MS,620,3.149,31.540069,-88.5268693
72163,KWIK FILL,US-206,Hillsborough,NJ,115,3.399,40.4768186,-74.6557782
72171,LAWTEY SHELL SERVICE,US-301 ,Lawtey                                  ,FL,75,3.599,30.0493053,-82.0700828
72181,LITTLEFIELD EXPRESS #7,US-167,Cave City,AR,418,3.349,35.9506121,-91.5483552
72184,MACS 33,US-49,Florence,MS,620,2.899,32.1558971,-90.1253484
72188,MARATHON,US-61 & SR-637,Reserve,LA,623,3.749,30.0823981,-90.5585162
72189,MARATHON,I-75 & CR-20,Middletown,OH,317,3.21566666,39.516644,-84.4041725
72190,Minuteman Food Mart #37,US-74,Leland,NC,245,3.389,34.2398528,-78.0317576
72191,MARATHON RIVERSIDE GAS,I-80 & CR-6,Elkhart,IN,465,3.499,41.6012796,-85.8590603
72194,Mobil,I-57,Riverdale,IL,365,3.699,41.6504594,-87.6612483
72195,MOBIL,US-46,Columbia,NJ,90,3.079,40.922665,-75.0900115
72196,MORGAN OIL,US-224 & CR-231,Lowellville,OH,573,3.399,41.0359418,-80.5362257
72201,MUDD CREEK COUNTRY STORE,US-79,Franklin                                ,TX,670,3.194,31.0259396,-96.4855362
72205,NIC'S,SR-97,Bainbridge,GA,20,3.379,30.8895996,-84.5685091
72206,NORTHLAKE BP,I-294 & US-45,Melrose Park,IL,290,3.699,41.900299,-87.8569745
72207,NZT,I-294,Alsip                                   ,IL,365,3.389,41.6616703,-87.7364972
72210,CITGO,US-70,Princeton                               ,NC,205,3.699,35.4560548,-78.1378144
72212,PARKERS #72,US-52 & SR- 402,Moncks Corner,SC,42,3.25566666,33.1960027,-80.0131374
72215,PIT STOP #1,SR-31 & SR-34,Weedsport                               ,NY,220,3.899,43.048677,-76.5627197
72216,Pit Stop #14,US-20/US-16,Worland,WY,836,3.829,44.0280944,-107.9543698
72217,PIEDMONT PETROLEUM,US-501,Lynchburg,VA,185,3.459,37.4141436,-79.232192
72222,RAINY LAKE OIL,CR-332 & CR-24,International Falls,MN,334,3.379,48.601033,-93.4105904
72224,RAYMOND TRUCK STOP,US-1/US-9,Newark,NJ,115,3.259,40.6874729,-74.1928866
72225,SHEETZ #144,US-220 & SR-55,Moorefield,WV,60,3.289,39.0623301,-78.9694723
72226,REBEL GAS MART,SR-7,Oxford,MS,435,3.049,34.3663773,-89.5187664
72227,RED BANKS VALERO,I-22 & SR-178,Red Banks,MS,435,2.999,34.8281516,-89.5645253
72228,REFUEL #1043,US-15,Sumter,SC,42,3.09566666,33.9221928,-80.3360818
72229,REFUEL #1047,US-521,Sumter,SC,42,3.00566666,33.9763251,-80.3990564
72230,REFUEL #1116,US-64,Apex,NC,177,3.799,35.7487502,-78.8396933
72231,RENO JUNCTION TRAVEL PLAZA,SR-59 & SR-387,Wright,WY,822,3.509,43.751281,-105.484825
72232,RICKY ROCKETS FUEL,I-294 & US-12,HICKORY HILLS,IL,291,3.999,41.7255879,-87.825055
72233,ROAD RANGER #284,I-27 & FM-1729,New Deal,TX,700,2.98566666,33.7374083,-101.8427516
72236,ROYAL FARMS #108,US-13,Cape Charles,VA,130,3.47233333,37.2671674,-76.0176986
72237,ROYAL FARMS #135,SR-404 & SR-16,Denton                                  ,MD,194,3.339,38.8845583,-75.8271564
72238,ROYAL FARMS #169,I-895 & US-40,Baltimore                               ,MD,22,3.259,39.2908816,-76.610759
72239,ROYAL FARMS #171,US-13 & SR-24,Laurel                                  ,DE,194,3.259,38.5565041,-75.5713141
72242,ROYAL FARMS #311,SR-7 & SR-43,Nottingham,MD,22,3.269,39.3639964,-76.4521842
72247,SEVEN MART,I-20 & SR-17,Delhi,LA,719,3.199,32.4576421,-91.4931736
72248,SHELBY EXPRESS,SR-175,Memphis,TN,435,3.699,35.1320149,-89.9840699
72250,RACEWAY #6854,US-278 & SR-113,Rockmart                                ,GA,18,3.17233333,34.0026005,-85.0416133
72251,SHELL,I-94 & US-12,Detroit,MI,325,3.699,42.3315509,-83.0466403
72256,SHELL,US-1,Warren                                  ,ME,203,3.999,44.1206721,-69.2868604
72259,SHELL,SR-72 & SR-25,Dundee,IL,293,3.279,42.0989145,-88.2714689
72260,Duck Thru #58,US-13 & CR-677,Suffolk,VA,130,3.449,36.7281341,-76.5834683
72261,SHELL,US-45 & CR-520,Shannon,MS,742,3.199,34.1162203,-88.7117181
72263,SPARTAN FUELS,US-80 & SR-22,Columbus,GA,50,3.309,32.4610708,-84.9880449
72264,CIRCLE K #2654249,SR 24 & SR 286,Paris,TX,723,2.959,33.6617962,-95.555513
72268,SHORT STOP,US-67/283,Santa Anna,TX,575,3.499,31.742249,-99.317606
72273,SPINX #341,SR-41,Charleston,SC,42,3.33233333,32.8229171,-80.0794573
72274,SPINX #366,SR-642,Summerville,SC,42,3.279,33.0369662,-80.2323621
72276,STAR 001,US-20 & SR-23,SOUTH BEND,IN,465,3.73233333,41.6833813,-86.2500066
72277,STOP N GAS,SR-15 & SR-39,Yorkshire                               ,NY,38,4.099,42.5300624,-78.4727976
72279,AMOCO,US-30,Clarence,IA,380,3.399,41.8887237,-91.062579
72287,CASEY'S #4522,US-81,Hennessey,OK,483,3.059,36.0997324,-97.8990401
72289,SUNOCO,SR-12 & FM-1136,Orange,TX,610,2.899,30.175577,-93.8797593
72290,SUNSTOP,US-19,Thomasville,GA,20,3.28233333,30.8568023,-83.9463798
72291,Union 76,US-129,Mc Alpin,FL,75,3.659,30.1396324,-82.9440642
72292,SUNSTOP #336,SR-121 & CR-18,Lake Butler,FL,75,3.59233333,30.0227391,-82.3395574
72293,SUNSTOP INLAND DBA ONE9 #1402,I-10 & SR-71,Marianna                                ,FL,20,3.299,30.7743596,-85.2268735
72294,SWANTON SUNOCO,I-89 & SR-78,Swanton                                 ,VT,39,3.539,44.9181593,-73.1242364
72295,SWIFT,US-69,Nederland,TX,610,2.98566666,29.9591678,-94.0118752
72296,SWIFT STOP #5,US-84 & US-380,Post,TX,700,2.943,33.1909246,-101.380662
72298,TARZAN AND JANE,I-20 & SR-137,Stanton,TX,612,3.299,32.1292891,-101.788464
72302,TEXACO,SR-114 & SR-156,Pennington,AL,705,3.19733333,32.2070888,-88.0561287
72305,THE ANCHOR,US-60 & CR-3500,Mountain View                           ,MO,535,3.03233333,37.0080723,-91.6810619
72308,Racetrac #2609,SR-60,Okeechobee,FL,140,3.299,27.2436677,-80.8327939
72310,RACETRAC #2387,US-19,Hudson,FL,225,3.31566666,28.3844361,-82.673984
72313,THOMPSON'S CORNER,US-25,Millen                                  ,GA,135,3.31566666,32.8171541,-81.9474105
72314,THORNTONS #0333,SR-59 & SR-56,Warrenville,IL,346,3.549,41.8179303,-88.174097
72315,THORNTONS #221343,US-14 & SR-31,Crystal Lake,IL,293,3.499,42.2411344,-88.3161965
72316,THORNTONS #221344,SR-120,Mchenry,IL,297,3.699,42.3562581,-88.3584886
72318,THORNTONS #330,I-55 & SR-50,Cicero,IL,290,3.549,41.8455398,-87.7540199
72319,THORNTONS #5,I-55 & SR-50,Cicero,IL,290,3.599,41.8455398,-87.7540199
72320,THORNTONS #616,SR-265,Lebanon,TN,460,2.87566666,36.1316176,-86.40251
72324,TREE CITY TRAVEL PLAZA,US-421,Greensburg,IN,375,3.989,39.3482818,-85.4980274
72325,TREX MART #17,I-29 & SR-371,Platte City,MO,400,2.999,39.3671841,-94.7795799
72328,Tropic Fleet Hialeah Cardlock,SR-953 & SR-934,Miami                                   ,FL,95,3.479,25.7741566,-80.1935973
72329,TROTTERS,SR-2 ,Broken Bow                              ,NE,475,3.299,41.4018116,-99.6393288
72330,TRUE NORTH #325,SR-57 & SR-113,Elyria,OH,414,3.679,41.3673191,-82.1073583
72331,TUPELO TRAVEL STOP,SR-48 & SR-3,Tupelo,OK,569,2.999,34.6048136,-96.4241692
72332,TXB #82 DBA KWIK CHEK FOOD STORES,US-83,Asherton,TX,693,3.259,28.4404773,-99.7628499
72333,UNITED MARKET,US-84,Blackshear,GA,75,3.76566666,31.2945114,-82.2542164
72335,VALERO,US-30 & SR-598,Galion,OH,411,3.499,40.733795,-82.7896471
72337,VALLEY COUNTRY STORE,I-84 & US-93,Jerome,ID,787,3.43233333,42.702266,-114.286704
72338,VALLEY MART #05,US-90 & SR-173,Hondo                                   ,TX,740,3.199,29.3474121,-99.1412026
72339,VP RACING FUEL,US-231 ,Panama City,FL,145,3.499,30.1829211,-85.6500881
72340,WARREN OIL,US-6,Channahon                               ,IL,399,3.779,41.4187415,-88.265661
72342,WHITE RIVER,US-231 & SR-58,Bloomfield,IN,546,3.759,39.02631,-86.9379018
72343,WOLF DEN,US-97,Wapato,WA,925,3.409,46.4453101,-120.4302611
72344,WOW FOOD MART,I-75 & US-25,Richmond,KY,410,3.609,37.7478572,-84.2946539
72345,YAKAMART,US-97,Toppenish                               ,WA,925,3.509,46.3695645,-120.3202298
72346,Y-NOT STOP,US-165 & SR-10,Oakdale,LA,730,3.699,30.8147872,-92.6564081
72350,7-ELEVEN #34709,504 N CREGO RD,Dekalb,IL,290,4.439,41.8980179,-88.7340747
72360,PUMP & PANTRY #22,SR-91 & SR-11,Burwell,NE,330,3.299,41.7816186,-99.1353198
72362,PUMP & PANTRY #18,US-281 & CR-11,Doniphan,NE,330,3.30733333,40.7720422,-98.3709442
72363,PUMP & PANTRY #1,US-30,Grand Island,NE,330,3.30733333,40.9286482,-98.3270036
72373,Rusty Lantern,SR-4 ,Turner                                  ,ME,170,3.899,44.2565542,-70.2561951
72374,Rusty Lantern,SR-26 & SR-219,West Paris                              ,ME,170,3.96566666,44.324339,-70.574112
72376,SUNOCO,US 84 & SR 39,Donalsonville,GA,20,3.499,31.0404625,-84.8790911
72378,EB SUNOCO,SR-3 & SR-28,Muncie,IN,457,3.799,40.1936892,-85.3865271
72380,EXXPRESS MART #12,US-287 & SR-421,Lumberton                               ,TX,610,2.959,30.2655322,-94.1991444
72382,EXXPRESS MART #4,SR-105,Beaumont,TX,610,3.199,30.0587897,-94.1326418
72385,GAS N WASH,I-57 & SR-17,Kankakee                                ,IL,399,3.599,41.1253903,-87.848682
72387,Williams Fuel Stop,SR-7 & SR-735,Gallipolis,OH,255,3.54066666,38.809803,-82.2023691
72389,PILOT #1354,US 385,Odessa,TX,710,3.56566666,31.8862325,-102.3861451
72390,QUIKTRIP #46,US 169 & SR 266,Tulsa,OK,560,3.14233333,36.1563122,-95.9927516
72391,QUIKTRIP #56,US-169 & SR-11,Tulsa,OK,560,3.14233333,36.1563122,-95.9927516
72395,ALLSUPS #2427,US 84,Gatesville,TX,765,3.00733333,31.4343288,-97.7893473
72396,RACETRAC #2624,US-1,Marathon                                ,FL,95,3.23566666,24.7517357,-80.9694644
72400,HAN DEE HUGOS #21,US-17 & SR-87,Winnabow                                ,NC,245,3.41233333,34.1493374,-78.0936046
72402,HAN DEE HUGOS #5,SR-410 & SR-211,Bladenboro                              ,NC,63,3.20566666,34.5386768,-78.7875887
72403,HAN DEE HUGOS #67,US-70,Raleigh                                 ,NC,177,3.999,35.7683975,-78.6457321
72408,JOURNEY FOOD STORE #2,US-301,Callahan,FL,75,3.399,30.577224,-81.833778
72412,KELLEYS MARKET,US-20,Cherry Valley,IL,520,3.699,42.2210848,-88.9899877
72413,TROPIC OIL COMPANY,SR-17,Lake Wales,FL,140,3.499,27.8947298,-81.5813594
72418,SHELL,SR-953,Miami                                   ,FL,95,3.479,25.7853321,-80.2641778
72420,MAVERIK COUNTRY STORE #620,SR-8,Saint George,UT,791,3.46233333,37.109967,-113.5882916
72424,MIDDLESEX FOOD STORE,CR-604,Carteret                                ,NJ,79,3.51566666,40.5714941,-74.225485
72428,QUIKTRIP #7249,US 80 E,Flowood,MS,705,2.91566666,32.3046299,-90.1368671
72429,PARKERS #16 (DISCOUNT AVAILABLE),SR-21,Port Wentworth                          ,GA,195,3.10566666,32.1677458,-81.1957138
72430,PATRIOT FUELING CENTER,SR-9,Lineville,AL,587,3.299,33.3396786,-85.7293492
72432,Yesway #1203,SR-6,Clifton,TX,765,2.969,31.7800712,-97.5793301
72433,RENFROE STORE,SR-25,Carthage,MS,705,4.099,32.7609376,-89.5171868
72437,Tropic Oil,US-191,Moab                                    ,UT,810,4.169,38.564244,-109.5497478
72440,Rutters #84,US-15 & SR-340,Emmitsburg,MD,22,3.91566666,39.7045417,-77.3269307
72441,SHEETZ #165,US-6,Coudersport,PA,240,3.699,41.7743224,-78.0151696
72446,SHEETZ #656,US-219 & US-6,Kane,PA,240,3.699,41.6628394,-78.8111427
72448,SHELL SERVICE STATION,SR-55,Morrison,TN,285,3.499,35.6217273,-85.8788474
72458,7-ELEVEN #41335,SR-80 & SR-29,Labelle,FL,225,3.599,26.7615384,-81.4385828
72468,Springerville Cardlock,US-191,Springerville,AZ,930,3.259,34.1332237,-109.2846491
72473,Loves Travel Stop #885,US 77,Harlingen,TX,665,3.649,26.2242068,-97.7211923
72475,Express 24,SR-77 & US-60,Show Low                                ,AZ,930,3.299,34.2542084,-110.029832
72477,Racetrac #2618,US-231 & CR-8,Huntsville,AL,615,2.95066666,34.729847,-86.5859011
72478,Racetrac #2621,SR-53,Huntsville,AL,615,3.099,34.629025,-86.8955797
72479,CEFCO #2086,US 180 & 84,Snyder,TX,700,2.96566666,32.7170577,-100.9095611
72480,TA Mt Vernon,I-44,Mount Vernon,MO,535,3.404,37.0856176,-93.8213524
72481,CASEYS #4323,SR-57 & SR-60,Wanamingo                               ,MN,451,3.499,44.3043907,-92.7906122
72485,ALLSUPS CONVENIENCE STORE #2160,US 70,Roswell,NM,593,3.25566666,33.3942109,-104.5416878
72489,CASEYS #3987,LINCOLN HWY,Wanatah,IN,465,3.71566666,41.4340217,-86.9042356
72490,ASAP GENERAL STORE #322,US-281,Hinton,OK,483,3.13233333,35.4820113,-98.3523955
72492,CIRCLE K #2709098,US 85,Greeley,CO,800,3.21066666,40.4210241,-104.6789198
72499,Bowie Travel Center,I-10,Bowie,AZ,980,3.099,32.3274985,-109.5102046
72500,GAS N WASH,US 34,Plano,IL,290,3.499,41.6623699,-88.4978176
72505,CASEYS #4379,I-59 HWY,Worthington,MN,530,3.14233333,43.63755,-95.5654831
72506,CASEYS #4273,SR-56,Madison,IN,375,3.699,38.740011,-85.3999087
72507,Golden Gate Fillmore,SR 99,Fillmore,UT,791,3.29733333,38.9670628,-112.3236696
72510,STUCK FLEET FUELING,US-19,Waynesburg,PA,165,4.499,39.8951739,-80.1814937
72514,Petro-Card 24 #910722,SR-6,Trenton                                 ,MO,276,3.149,40.0789018,-93.6166074
72519,CIRCLE K #2723050,SR-59,Hope Mills,NC,205,2.909,34.9785211,-78.9562412
72520,PETRO-CARD 24 #910160,US-50,Warrensburg                             ,MO,400,3.299,38.7737682,-93.7006451
72521,PETRO-CARD 24 #910410,I-44/US-66,Lebanon                                 ,MO,535,3.099,37.6701844,-92.6654199
72522,MFA #910591,US-63 ,La Plata,MO,494,3.339,39.9692859,-92.4764364
72524,QuickChek #189,US-46,Ridgefield,NJ,115,3.25233333,40.843709,-74.0059742
72526,PETRO-CARD 24 #911251,US-169,King City                               ,MO,567,3.299,40.0410217,-94.5277554
72529,PETRO-CARD 24 #910530,US-24,Moberly                                 ,MO,310,3.419,39.4412171,-92.4334995
72530,PETRO-CARD 24 #910140,US-50 BUS,California                              ,MO,392,3.459,38.6279485,-92.5741153
72531,PETRO-CARD 24 #910040,US-60 BUS,Aurora,MO,416,3.209,38.316009,-92.5881168
72533,Fuel 4,US-9,Jersey City,NJ,115,3.239,40.742741,-74.06328
72534,Petro-Card 24 #911290,US-59,Mound City                              ,MO,567,3.149,40.1312501,-95.2305891
72535,MFA #911310,SR-5,Centerville                             ,IA,489,3.12566666,40.7344306,-92.8742102
72536,MFA 910281,SR-5 ,Milan,MO,276,3.299,40.202346,-93.125267
72537,PETRO-CARD 24 #910210,SR-7,Clinton                                 ,MO,400,3.399,38.3686325,-93.7782689
72540,MFA #910441,US-54,Louisiana                               ,MO,494,3.049,39.4444128,-91.0764535
72541,MFA 911021,US-136 ,Tarkio                                  ,MO,567,3.329,40.4377904,-95.3804119
72542,MFA #910731,SR-15,Shelbina                                ,MO,494,2.999,39.6939275,-92.0429502
72543,PETRO CARD 24,SR-18,Clinton                                 ,MO,400,3.399,38.3686325,-93.7782689
72544,BJS NEW UNDERWOOD,CR-1416,New Underwood,SD,506,3.699,44.0962906,-102.8209058
72546,MFA OIL #2028,SR-53,Poplar Bluff                            ,MO,275,3.23233333,36.7744622,-90.4189786
72548,GASQUATCH,US-70/SR-3,Idabel,OK,723,3.10733333,33.9210344,-94.8451348
72551,Good 2 Go,US-81,Geneva,NE,350,3.36566666,40.5257539,-97.6027667
72554,CEFCO #422,SR-4,Baker,FL,127,3.299,30.7978341,-86.6857192
72556,STARMART,US-183,Goldthwaite,TX,765,3.099,31.477592,-98.5693712
72558,Circle K #4703975,SR-109 & US-70,Lebanon,TN,460,2.87233333,36.2079779,-86.2910945
72560,AMOCO,US 131 & US 12,White Pigeon,MI,465,3.559,41.7981056,-85.6433229
72565,WEIGEL'S #102,I-75 & SR-30,Athens,TN,405,3.34733333,35.4428864,-84.5930113
72567,THE TEXAN #12,US 87,La Vernia,TX,740,3.049,29.3569063,-98.1224466
72569,RACETRAC #204,US-19 & SR-400,Dawsonville                             ,GA,18,3.319,34.4212053,-84.1190804
72570,Lake View Cheese & Liquor,I-43,Belgium,WI,444,3.25566666,43.4858806,-87.8308111
72575,Loves Travel Stop #864,US-98,Lucedale,MS,715,3.449,30.9544998,-88.5841621
72579,Raceway #6986,US-378 & CR-467,Sumter,SC,135,2.979,33.9204354,-80.3414693
72580,KWIK TRIP #1267,SR 29,Chippewa Falls,WI,295,3.39233333,44.9123533,-91.3858036
72582,FASTRAC MARKET #500242,SR-12 & SR-5A,Utica,NY,235,3.999,43.1009031,-75.2326641
72588,ALLSUPS CONVENIENCE #2430,US 380,Jacksboro,TX,630,3.044,33.2182535,-98.1681028
72589,ALLSUPS CONVENIENCE #2056,US 287,Memphis,TX,585,2.929,34.7158451,-100.5266473
72590,MAVERIK #716,I-80 & SR-351,Wells,NV,835,3.39233333,41.1107264,-114.963144
72592,QUIKTRIP #7191,US-45 & I-57,Effingham,IL,510,3.199,39.0520902,-88.6029006
72594,Quiktrip #7900,I-30 & FM-989,Texarkana,TX,766,2.85733333,33.4466208,-94.0765653
72597,CIRCLE K #4705697,US 422,Warren,OH,573,3.61233333,41.2250341,-80.7897388
72599,FATDOGS LEXINGTON,US-283,Lexington                               ,NE,475,2.979,40.7719233,-99.7395083
72606,PETRO-CARD 24 #910474,US-65,Malta Bend                              ,MO,276,3.439,39.1934664,-93.3656089
72607,TOWN PUMP FOOD STORE #6300,I-90 & US-191,Big Timber,MT,786,3.539,45.834901,-109.955311
72608,Petro-Card 24 #910640,US-61,Perryville                              ,MO,275,3.099,37.7265239,-89.8533872
72611,Kwik Trip # 1722,SR 35 & SR 553,Gwinn                                   ,MI,395,3.819,46.2810556,-87.4409718
72612,PETRO-CARD 24 #910411,I-44 & SR-32,Lebanon                                 ,MO,535,3.099,37.6806669,-92.6637835
72614,FAST FUEL FOOD STORES,SR-4,Gassaway                                ,WV,44,3.56566666,38.6732278,-80.7746622
72615,U STOP #4,US-6 ,Lincoln                                 ,NE,413,3.399,40.8702728,-96.6155329
72620,CENEX,US-2 ,Leeds,ND,452,3.249,48.2960403,-99.4825624
72622,Phillips 66,US- 60 & HWY AD,Dexter                                  ,MO,275,3.40233333,36.7937232,-89.9559808
72623,LENNYS FOOD N FUEL,US-6,Joliet,IL,296,3.499,41.5279055,-88.0732213
72625,PETRO-CARD 24,SR-46 & US-71,Maryville                               ,MO,567,3.129,40.3460468,-94.8723858
72626,MFA OIL,SR-18,Lake City                               ,AR,418,3.399,35.8180165,-90.4346778
72628,Gas Pro 6,SR-121 & US-25,Trenton                                 ,SC,135,3.46566666,33.7416558,-81.8423388
72630,PETRO-CARD 24 #910250,US-54 BUS,Fulton                                  ,MO,392,3.299,38.8204663,-91.9783199
72631,THORNTONS #221348,I-355 & SR-7,Homer Glen,IL,296,3.849,41.6000318,-87.9381112
72633,Petro-Card 24 #910830,SR-52,Windsor                                 ,MO,400,3.499,38.4454761,-90.4078999
72634,MURPHY USA #7827,US-385 & US-60,Hereford                                ,TX,585,2.829,34.8245521,-102.398778
72639,ALLSUPS #2423,US-377 & US-70,Madill,OK,253,2.959,34.0902508,-96.7715618
72640,Kwik Trip # 1721,SR 553 & FM 480,Marquette                               ,MI,395,3.819,46.4481521,-87.6305899
72642,LOVES TRAVEL STOP #857,US-95 & US-6,Tonopah,NV,910,3.71566666,38.100063,-117.2250609
72646,TOOT N TOTUM #131,US 87,Lamesa,TX,710,3.109,32.725537,-101.9468914
72647,RACEWAY #6972,US-83 & US-43,Demopolis,AL,615,3.07733333,32.5178284,-87.8368201
72648,Loves Travel Stop #873,US 50,Canon City,CO,803,3.509,38.4437217,-105.2316721
72649,Love's Travel Stop #891,US 93,Jackpot,NV,835,3.62733333,41.9533443,-114.6833426
72652,Quiktrip #4148,I-35 & GRAND AVE PKWY,Pflugerville,TX,595,2.88233333,30.4563974,-97.6523979
72655,RACEWAY #6988,US-79 & US-41,Clarksville,TN,460,2.999,36.5277607,-87.3588703
72656,ALLSUPS #2437,HWY 176 & HWY 115,Andrews,TX,710,3.39566666,32.2690953,-102.6042447
72660,RACEWAY #6989,US-157 & COURT ST ,Moulton,AL,615,3.049,34.4815826,-87.3056406
72663,LOC STOP TRAVEL CENTER,US-82,Dawson,GA,10,3.499,31.7623697,-84.4403919
72672,7-Eleven #42205,US 79,Hearne,TX,765,3.449,30.8832783,-96.5965301
72677,KWIK TRIP #1256,SR 2 E,Iron Mountain,MI,360,3.279,45.8146659,-88.0654826
72679,TEX BEST #532,US-281 & HWY 186,Edinburg,TX,639,3.02066666,26.3013982,-98.1624501
72680,RACEWAY #6990,US-98,Foley,AL,155,3.07566666,30.406614,-87.7023456
72683,HUCKS FOOD & FUEL #383,SR-57,Evansville                              ,IN,340,3.759,38.0565631,-87.5138953
72691,KUM & GO #2402,US 60,Springfield,MO,535,3.17566666,37.1388143,-93.2887276
72693,Kum & Go #2404,US 60,Aurora,MO,535,3.119,36.9535918,-93.6993027
72705,SHEETZ #795,US-460 & CR-629,Disputanta,VA,180,2.98233333,37.1237095,-77.2241782
72713,Kwik Star #1217,FM 11,Sioux Falls,SD,530,2.939,43.5476008,-96.7293629
72714,LOVES TRAVEL STOP  #771,I-85 & SR-18,West Point,GA,720,3.679,32.8772531,-85.183728
72716,RACEWAY #7000,US-1 & SR-40,Folkston,GA,75,3.099,30.8305818,-82.0097846
72719,TA EXPRESS LITTLEFIELD,"I-15, EXIT 8",Littlefield,AZ,910,3.679,36.8918626,-113.9296955
72725,CASEYS #4481,US 75,Denison,TX,253,2.93566666,33.7080239,-96.5900747
72733,Parker's #94,US-17 N,Georgetown,SC,42,2.989,33.3748611,-79.2876809
72734,7-ELEVEN #41940,I-95,West Haven,CT,100,3.999,41.2747432,-72.9695136
72736,FRIENDLY GUS STORE #12,I-16 Exit 49,Dublin,GA,85,3.27566666,32.4938289,-82.9630253
72738,BREAK TIME #3172,US-50/US-63,Jefferson City,MO,310,3.33566666,38.5842347,-92.2614067
72739,MAVERIK #712,US 70 & US 54,Alamogordo,NM,640,3.05566666,32.8998822,-105.9602081
72743,PEOTONE TRAVEL CENTER,I-57 & SR-25,Peotone,IL,290,3.459,41.3328083,-87.789758
72747,One9 #1358,"I-40,  EXIT 16",Gallup                                  ,NM,580,3.24566666,35.5035465,-108.8325866
72748,HORIZON TRAVEL PLAZA,US-411,Cartersville,GA,193,2.934,34.2170831,-84.7924927
72754,RACETRAC #2495,US 41 & US 19,Griffin,GA,85,3.229,33.2467807,-84.2640904
72759,Allsups Convenience Store #2461,US-87 & SR-137,Lamesa,TX,612,3.099,32.7357287,-101.9550202
72760,RaceWay #6999,US-84 & US-319,Thomasville,GA,20,3.16566666,30.8365815,-83.9787808
72764,CUMBERLAND FARMS #004783,US-5,East Windsor,CT,100,4.049,41.8853024,-72.6074343
72765,FASTRAC MARKET #500203,SR-104 & CR-256,Wolcott,NY,190,3.819,43.220622,-76.814958
72769,TOOT N TOTUM #132,US 84,Lubbock,TX,585,2.97066666,33.5398858,-101.8472688
72772,RACEWAY #6998,US-501 & SR-576,Marion,SC,42,3.01566666,34.0572007,-79.3987578
72778,KWIK STAR #1208,US-75,Sioux Center,IA,530,3.199,43.067291,-96.1754901
72781,SHEETZ #774,I-70 & SR-83,New Concord,OH,430,3.059,39.9934992,-81.7338559
72783,SHEETZ #770,I-70 & US-42,London,OH,315,2.999,39.8864493,-83.448253
72785,GAS N WASH,US 30,Crest Hill,IL,290,3.359,41.5594986,-88.1328038
72788,MAVERIK #700,I-25 EXIT 215,Denver,CO,800,3.289,39.6660361,-104.8673054
72791,LOVES TRAVEL STOP #850,SR-491 & RD. G,Cortez,CO,614,3.48233333,37.3494528,-108.584073
72798,Casey's #4539,US-75,Rock Rapids                             ,IA,530,3.349,43.4319093,-96.1784812
72808,Allsups Convenience #2463,US-377,Aubrey,TX,630,2.899,33.3099089,-96.976171
72811,QUIKTRIP #50,SR-51,Broken Arrow,OK,560,3.129,36.0594192,-95.7745992
72812,Kwik Trip #748,US 8,Barron,WI,295,3.664,45.4007285,-91.8138329
72813,Allsups #2425,Hwy 144,Granbury,TX,630,3.029,32.4720672,-97.6982081
72819,QUIKTRIP #7925,I-69W,Laredo,TX,693,2.85066666,27.6070237,-99.4926294
72820,QUARLES #54232,us-385,Crane                                   ,TX,710,3.88566666,31.3810458,-102.3484014
72821,QUARLES #54231,CR-23 & CR-33,Eunice                                  ,NM,593,3.699,32.4388224,-103.159002
72822,QUARLES #54225,US-83,Abilene                                 ,TX,575,3.499,32.3883109,-99.7443591
72827,QUARLES #54259,FM-1936,Odessa                                  ,TX,710,3.699,31.8102148,-102.4334317
72828,QUARLES #54250,US-80,Abilene                                 ,TX,575,3.31233333,32.4906038,-99.7312045
72831,QUARLES #54262,CR-64,Hobbs                                   ,NM,593,3.699,32.7256789,-103.1597764
72837,QUARLES #54284,US-285,Loving                                  ,NM,593,3.799,32.2828481,-104.1010404
72839,QUARLES #54293,CR-64,Hobbs                                   ,NM,593,3.699,32.7256789,-103.1597764
72841,QUARLES #54296,SR-214 & CR-370,Denver City,TX,700,3.799,32.9679571,-102.8293851
72844,QUARLES #54332,US-285,Pecos                                   ,TX,710,3.759,30.8947643,-102.8986986
72847,QUARLES #54341,US-87,Big Spring                              ,TX,612,3.649,32.2280009,-101.4703109
72848,QUARLES #54347,US-67 ,Rankin,TX,710,3.699,31.2200003,-101.9441695
72849,QUARLES #54349,CR-1140,Midland                                 ,TX,710,3.66566666,32.0244324,-102.0017238
72851,QUARLES #54367,FM-1787,Midland,TX,710,3.799,31.6564417,-102.2492242
72855,GAS N WASH,SR 59,Plainfield,IL,399,3.559,41.7501406,-87.9748423
72857,7-ELEVEN #42019,SR-3 & SR-4,Yukon,OK,483,3.159,35.5067259,-97.7625386
72859,CASEYS #4286,SR-32,Crawfordsville,IN,375,3.56233333,40.0250138,-86.9043188
72863,Double Quick #92,US-61,Cleveland,MS,655,3.18233333,33.7513928,-90.7157538
72864,SUNSTOP #430,US-27,Bainbridge,GA,20,3.599,30.9342116,-84.6068416
72872,QUIKTRIP #7926,US 59 & SR 20,Laredo,TX,693,2.859,27.5079211,-99.5069834
72879,QUIKTRIP #4002,US-87,Comfort,TX,595,2.96566666,29.9918765,-98.9039716
72880,PARKERS #97,US 80,Bloomingdale,GA,195,3.03233333,32.136002,-81.3106951
72885,RACEWAY #6960,US-431 & Westgate PKWY,Dothan                                  ,AL,10,3.199,31.2640377,-85.4201295
72886,PILOT #1381,US-190 & Rose Marie Blvd,Hearne,TX,670,3.499,30.8715767,-96.5881792
72888,STRIPES #42591,US-87,Mason                                   ,TX,595,3.299,30.7471215,-99.2301595
72893,Racetrac #2586,I-95 & 20th ST,Vero Beach,FL,140,3.159,27.6379398,-80.3801261
72894,Allsups Convenience Store #2458,US-287 & FM-1655,Alvord,TX,630,2.899,33.3577527,-97.7015645
72895,Allsups#2465,SR 7,Davis,OK,569,2.96733333,34.5034796,-97.1188924
72896,PILOT #1283,I-45 & SR-31,Corsicana,TX,630,3.04233333,32.0938236,-96.464675
72899,RACEWAY #7002,US 79 & 59,Carthage,TX,766,2.82066666,32.1611111,-94.3714421
72901,FATDOGS GRAND ISLAND TRAVEL CENTER,I-80 & HWY 281,Grand Island,NE,330,2.979,40.924271,-98.338685
72902,CIRCLE K #2704593,SR-24 &  SR-690,Spring Lake,NC,63,3.079,35.1679396,-78.9728056
72903,Kent Kwik #221,SR-338,Odessa,TX,710,2.989,31.9101342,-102.2860008
72904,CEFCO #112,US-281,Marble Falls,TX,595,2.929,30.5690129,-98.2758375
72905,TA EXPRESS PLEASANTON #445,I-37 EXIT 109,Pleasanton,TX,740,3.099,28.9714636,-98.4835437
72916,CASEYS #2562,SR 140 & SR 156,Ellsworth,KS,357,3.46566666,38.6942009,-98.2149289
72922,SUNOCO,SR-640,Willoughby                              ,OH,305,3.859,41.6425155,-81.4169952
72923,76,US-84,Brookhaven                              ,MS,620,3.149,31.5461681,-90.4439627
72924,SHERMAN TRAVEL CENTER,SR-9 ,Senatobia,MS,435,3.029,34.6187807,-89.9646282
72925,AMOCO,US-52 & SR-340,Darlington,SC,135,3.199,34.3609331,-79.9438572
72926,Amoco,US-31 & US-10,Scottville,MI,456,3.359,43.954728,-86.280079
72927,Bell Stores #165,US-30 ,Wooster,OH,249,3.51566666,40.7912689,-81.9235345
72935,Circle K #2722258,US-17 & SR-40,Pierson,FL,140,3.40233333,29.2393293,-81.4652728
72936,Circle K #2707549,SR-471 & SR-48,Bushnell,FL,140,3.499,28.6644827,-82.1117399
72940,Circle K #3909,SR-236,Clarksville,TN,460,3.329,36.6276437,-87.3357762
72941,CIRCLE K #2740389,I-55 & US-51,Hammond,LA,600,3.249,30.5043583,-90.4611995
72942,CIRCLE K #2742777,US-62/180,El Paso,TX,640,3.19066666,31.7551942,-106.4872499
72943,CIRCLE K #2706805,SR-415 & SR-76,Port Allen,LA,600,3.359,30.45335,-91.2100569
72944,Circle K #2709094,US-62 & SR-327,Lubbock,TX,700,3.099,33.5855677,-101.8470215
72945,CIRCLE K #2707057,SR-59 & CR-12,Foley,AL,715,3.09233333,30.4065868,-87.6835974
72949,BOURBON TRAVEL PLAZA,US-30,Bourbon                                 ,IN,370,3.499,41.2955782,-86.113169
72951,DK,SR-36,Abilene,TX,575,2.849,32.4787185,-99.700123
72953,GRAND AVENUE EXPRESS,I-35 & FM-372,Gainesville,TX,253,2.999,33.6248484,-97.142753
72957,IRVING,SR-11,Augusta,ME,203,3.899,44.345025,-69.793987
72958,Jack Flash Pana,SR-16,Pana,IL,318,3.199,39.3889311,-89.0800809
72959,JORDANS #75,US-67,Newport,AR,418,3.299,35.6037485,-91.2835182
72960,KENT KWIK #206,FM-2020,Odessa,TX,710,3.02566666,31.8617391,-102.4109007
72963,MAVERIK #5358,"I-25, Exit 145",Colorado Springs,CO,796,3.33066666,38.7922967,-104.7028483
72966,MCCLURE STORE #15,SR-9,Marion,IN,370,3.694,40.4958697,-85.6702631
72967,BINKS TENAHA QUICK STOP,US-59/US-84,Tenaha,TX,618,3.059,31.9390424,-94.2534454
72969,LOVES TRAVEL STOP #555,US-30,Delphos,OH,411,3.30566666,40.8471752,-84.3345913
72973,PETE'S 49,US-166 & US-169,Coffeyville,KS,307,3.214,37.0372999,-95.6163634
72974,USTOP 34,US-77,Lincoln,NE,413,3.499,40.7970216,-96.7085889
72981,Sprint Mart #2301,I-565 & CR-115,Madison,AL,742,3.49233333,34.7736807,-86.5675095
72982,SUNOCO,I-10 & SR-328,Breaux Bridge                           ,LA,730,2.85566666,30.2735323,-91.8992837
72984,TERRIBLE HERBST #341,US-95,Indian Springs,NV,910,3.899,36.5775615,-115.6606651
72985,THE PRIDE OF VILLA PARK,SR-64,Villa Park                              ,IL,290,3.299,41.9050144,-87.9724424
72987,The Texan,US-285 & CR-116,Pecos,TX,710,2.999,30.7857437,-102.8065415
72988,Thorntons #221354,US-12,Lake Zurich,IL,293,3.399,42.1724057,-88.071894
72989,THORNTONS #442562,SR-63,Monroe,OH,407,3.199,39.4395794,-84.3296296
72991,THORNTONS #221345,US-20 ,Hanover Park,IL,297,3.759,41.9895073,-88.1547265
72998,83 FUEL STOP,US-83,Catarina,TX,693,2.959,28.3535853,-99.6150968
72999,Aeg Petroleum,US-70 & SR-467,Portales,NM,593,3.68566666,34.1859636,-103.3373367
73003,GAS PRO TRAVEL CENTER,US-25 & SR-88,Hephzibah,GA,135,3.599,33.3140311,-82.0967857
73005,NOBLE,US-20,Sturbridge,MA,215,3.999,42.1284089,-72.0477915
73008,MUSTANG XPRESS,US-183 & FM-1327,Austin,TX,595,3.33233333,30.1119237,-97.804168
73012,FUELPORT # 1,FM-143,San Antonio,TX,740,3.049,29.253114,-98.4932953
73014,CIRCLE K #2726298,SR 33 & SR 50,Mascotte,FL,140,3.539,28.5783313,-81.8867452
73015,76,US 40,Franklinville,NJ,150,3.169,39.6179019,-75.0808338
73016,PARKERS #112,SR 67,Statesboro,GA,195,3.199,32.4331497,-81.7614844
73017,U Stop #36,US 136 & SR 50,Tecumseh,NE,413,3.399,40.3680345,-96.1940137
73018,Smart Stop Travel Center,US 271 & SR 37,Bogata,TX,723,3.199,33.4711597,-95.2144967
73031,Travel Refresh,US 59,Corrigan                                ,TX,618,2.949,31.0170459,-94.8238785
73032,Parkers #110,SR 56,Augusta,GA,135,3.19233333,33.4685461,-82.0701536
73035,QUIKTRIP #7909,US-10,El Paso,TX,640,2.849,31.7601001,-106.4870476
73036,Maverik Country Store #741,US-80,Rock Springs,WY,827,3.30733333,41.5860557,-109.2194544
73040,TAILGATE #3,SR 21,Bryan,TX,670,3.599,30.6592945,-96.3311245
73041,Racetrac #182,US- 19,Hampton                                 ,GA,67,2.999,33.3685471,-84.2961698
73042,MAVERIK #728,Hwy 483,Lovington,NM,593,3.094,32.9651027,-103.3457642
73045,MAVERIK #717,US-395,Spokane,WA,970,3.979,47.672268,-117.4095426
73046,Refuel #63,US 501 & SR 544,Conway,SC,46,3.134,33.8360035,-79.0478143
73048,ALLSUPS CONVENIENCE STORE #2473,US-287,Bowie,TX,630,2.899,33.541548,-97.8436123
73052,Circle K #2701875,US-78 E,Grovetown,GA,135,3.499,33.4490906,-82.1938504
73055,CIRCLE K #4707124,SR-3,Liberty,ME,203,4.099,44.3927438,-69.3074579
73057,CIRCLE K #2703586,US-550 & SR-516,Flora Vista,NM,580,3.719,36.7939546,-108.079821
73062,CIRCLE K #2741849,SR-358 & SR-286,Corpus Christi,TX,625,3.124,27.7635302,-97.4033191
73068,MAVERIK #5369,SR 21,Colorado Springs,CO,796,3.499,38.8764778,-104.8116145
73074,RACETRAC #2641,HWY 59 & FM 989,Texarkana                               ,TX,723,2.85733333,33.4466208,-94.0765653
73075,ALLSUPS CONVENIENCE STORE #2470,SR 18,Eunice,NM,710,3.099,32.4388224,-103.159002
73076,MAVERIK #5148,US 40,Kremmling,CO,800,3.679,40.0560141,-106.3669258
73082,KWIK STAR #1153,US 71,Milford,IA,433,3.324,43.3198892,-95.1499591
73084,Kwik Trip #747,I-94 ALT & US-12,Baldwin,WI,448,3.499,44.9667546,-92.3732461
73092,QUIKTRIP #4042,I-10,Converse,TX,740,2.94566666,29.5180081,-98.3161241
73094,MARATHON,US-24,Taylor                                  ,MI,325,3.539,42.1991666,-83.2678818
73095,Quiktrip #7250,US 49,Richland,MS,760,2.91566666,32.2762194,-90.1756514
73096,KWIK TRIP #748,US 8,Barron,WI,295,3.64733333,45.4007285,-91.8138329
73106,ALLSUPS CONVENIENCE STORE #2472,US-75,Atoka,OK,253,2.96733333,34.3737097,-96.135573
73118,ALLSUPS #2432,US 287 & SR 34,Ennis,TX,630,2.929,32.3293111,-96.6252679
73120, Kwik Star #1184,US 61,Dubuque,IA,335,3.489,42.4635692,-90.670214
73126,Kwik Trip #1298,US 10,Mondovi,WI,295,3.349,44.5678567,-91.6733899
73127,Gas N Wash,"I-55, EXIT 285",Chicago                                 ,IL,290,3.399,41.8774134,-87.6243099
73129,SHEETZ #837,I-94,Romulus,MI,325,3.099,42.2442508,-83.3214675
